raw_date,score,parsed_date,day_of_week,month,year,day_of_year,is_holiday,gender_label,gender_Female,gender_Male,gender_Unknown,city_London,city_New York,city_Paris,city_Tokyo
2023-01-01 00:00:00,51,2023-01-01,6,1,2023,1,1,2,0,0,1,1,0,0,0
2023-01-02 00:00:00,19,2023-01-02,0,1,2023,2,1,0,0,1,0,1,0,0,0
2023-01-03 00:00:00,21,2023-01-03,1,1,2023,3,0,2,0,0,1,0,0,1,0
2023-01-04 00:00:00,5,2023-01-04,2,1,2023,4,0,2,0,0,1,1,0,0,0
2023-01-05 00:00:00,82,2023-01-05,3,1,2023,5,0,0,0,1,0,0,0,0,1
2023-01-06 00:00:00,92,2023-01-06,4,1,2023,6,0,0,0,1,0,0,1,0,0
2023-01-07 00:00:00,42,2023-01-07,5,1,2023,7,0,2,0,0,1,0,0,0,1
2023-01-08 00:00:00,61,2023-01-08,6,1,2023,8,0,1,1,0,0,0,1,0,0
2023-01-09 00:00:00,22,2023-01-09,0,1,2023,9,0,2,0,0,1,0,1,0,0
2023-01-10 00:00:00,21,2023-01-10,1,1,2023,10,0,2,0,0,1,0,0,0,1
2023-01-11 00:00:00,70,2023-01-11,2,1,2023,11,0,2,0,0,1,0,0,0,1
2023-01-12 00:00:00,1,2023-01-12,3,1,2023,12,0,2,0,0,1,0,0,0,1
2023-01-13 00:00:00,5,2023-01-13,4,1,2023,13,0,0,0,1,0,0,0,0,1
2023-01-14 00:00:00,12,2023-01-14,5,1,2023,14,0,2,0,0,1,0,0,1,0
2023-01-15 00:00:00,90,2023-01-15,6,1,2023,15,0,1,1,0,0,1,0,0,0
2023-01-16 00:00:00,46,2023-01-16,0,1,2023,16,1,0,0,1,0,0,1,0,0
2023-01-18 00:00:00,49,2023-01-18,2,1,2023,18,0,1,1,0,0,0,0,0,1
2023-01-19 00:00:00,78,2023-01-19,3,1,2023,19,0,1,1,0,0,0,0,0,1
2023-01-20 00:00:00,90,2023-01-20,4,1,2023,20,0,1,1,0,0,0,0,1,0
2023-01-21 00:00:00,45,2023-01-21,5,1,2023,21,0,0,0,1,0,0,0,0,1
2023-01-22 00:00:00,27,2023-01-22,6,1,2023,22,0,0,0,1,0,0,0,0,1
2023-01-23 00:00:00,73,2023-01-23,0,1,2023,23,0,1,1,0,0,0,0,0,1
2023-01-24 00:00:00,26,2023-01-24,1,1,2023,24,0,1,1,0,0,1,0,0,0
2023-01-25 00:00:00,47,2023-01-25,2,1,2023,25,0,0,0,1,0,0,0,1,0
2023-01-26 00:00:00,86,2023-01-26,3,1,2023,26,0,0,0,1,0,0,0,0,1
2023-01-27 00:00:00,56,2023-01-27,4,1,2023,27,0,0,0,1,0,0,1,0,0
2023-01-28 00:00:00,94,2023-01-28,5,1,2023,28,0,2,0,0,1,0,1,0,0
2023-01-29 00:00:00,63,2023-01-29,6,1,2023,29,0,2,0,0,1,0,1,0,0
2023-01-30 00:00:00,48,2023-01-30,0,1,2023,30,0,2,0,0,1,0,0,1,0
2023-01-31 00:00:00,61,2023-01-31,1,1,2023,31,0,1,1,0,0,0,0,1,0
2023-02-01 00:00:00,81,2023-02-01,2,2,2023,32,0,2,0,0,1,0,1,0,0
2023-02-02 00:00:00,26,2023-02-02,3,2,2023,33,0,1,1,0,0,0,0,0,1
2023-02-03 00:00:00,36,2023-02-03,4,2,2023,34,0,1,1,0,0,0,0,1,0
2023-02-04 00:00:00,1,2023-02-04,5,2,2023,35,0,2,0,0,1,0,1,0,0
2023-02-05 00:00:00,8,2023-02-05,6,2,2023,36,0,1,1,0,0,0,1,0,0
2023-02-06 00:00:00,99,2023-02-06,0,2,2023,37,0,2,0,0,1,0,0,0,1
2023-02-07 00:00:00,52,2023-02-07,1,2,2023,38,0,2,0,0,1,1,0,0,0
2023-02-08 00:00:00,79,2023-02-08,2,2,2023,39,0,0,0,1,0,0,0,1,0
2023-02-09 00:00:00,47,2023-02-09,3,2,2023,40,0,2,0,0,1,0,0,0,1
2023-02-10 00:00:00,56,2023-02-10,4,2,2023,41,0,0,0,1,0,0,1,0,0
2023-02-11 00:00:00,86,2023-02-11,5,2,2023,42,0,2,0,0,1,0,1,0,0
2023-02-12 00:00:00,14,2023-02-12,6,2,2023,43,0,2,0,0,1,0,0,0,1
2023-02-13 00:00:00,90,2023-02-13,0,2,2023,44,0,0,0,1,0,0,0,1,0
2023-02-14 00:00:00,28,2023-02-14,1,2,2023,45,0,0,0,1,0,1,0,0,0
2023-02-15 00:00:00,87,2023-02-15,2,2,2023,46,0,2,0,0,1,1,0,0,0
2023-02-16 00:00:00,78,2023-02-16,3,2,2023,47,0,1,1,0,0,0,1,0,0
2023-02-17 00:00:00,88,2023-02-17,4,2,2023,48,0,0,0,1,0,0,0,1,0
2023-02-18 00:00:00,2,2023-02-18,5,2,2023,49,0,1,1,0,0,1,0,0,0
2023-02-19 00:00:00,26,2023-02-19,6,2,2023,50,0,1,1,0,0,0,0,1,0
2023-02-20 00:00:00,14,2023-02-20,0,2,2023,51,1,1,1,0,0,0,0,1,0
2023-02-21 00:00:00,59,2023-02-21,1,2,2023,52,0,0,0,1,0,0,1,0,0
2023-02-22 00:00:00,56,2023-02-22,2,2,2023,53,0,1,1,0,0,1,0,0,0
2023-02-23 00:00:00,7,2023-02-23,3,2,2023,54,0,0,0,1,0,0,0,0,1
2023-02-24 00:00:00,3,2023-02-24,4,2,2023,55,0,1,1,0,0,0,1,0,0
2023-02-25 00:00:00,23,2023-02-25,5,2,2023,56,0,2,0,0,1,1,0,0,0
2023-02-26 00:00:00,18,2023-02-26,6,2,2023,57,0,2,0,0,1,1,0,0,0
2023-02-27 00:00:00,38,2023-02-27,0,2,2023,58,0,0,0,1,0,1,0,0,0
2023-02-28 00:00:00,99,2023-02-28,1,2,2023,59,0,2,0,0,1,1,0,0,0
2023-03-01 00:00:00,15,2023-03-01,2,3,2023,60,0,2,0,0,1,1,0,0,0
2023-03-02 00:00:00,64,2023-03-02,3,3,2023,61,0,1,1,0,0,0,0,1,0
2023-03-03 00:00:00,89,2023-03-03,4,3,2023,62,0,0,0,1,0,0,1,0,0
2023-03-04 00:00:00,28,2023-03-04,5,3,2023,63,0,1,1,0,0,0,0,1,0
2023-03-05 00:00:00,74,2023-03-05,6,3,2023,64,0,1,1,0,0,0,0,0,1
2023-03-06 00:00:00,39,2023-03-06,0,3,2023,65,0,1,1,0,0,1,0,0,0
2023-03-07 00:00:00,57,2023-03-07,1,3,2023,66,0,1,1,0,0,0,1,0,0
2023-03-08 00:00:00,17,2023-03-08,2,3,2023,67,0,1,1,0,0,1,0,0,0
2023-03-09 00:00:00,86,2023-03-09,3,3,2023,68,0,1,1,0,0,0,1,0,0
2023-03-10 00:00:00,90,2023-03-10,4,3,2023,69,0,1,1,0,0,0,0,1,0
2023-03-11 00:00:00,44,2023-03-11,5,3,2023,70,0,0,0,1,0,0,1,0,0
2023-03-12 00:00:00,25,2023-03-12,6,3,2023,71,0,2,0,0,1,0,0,0,1
2023-03-13 00:00:00,17,2023-03-13,0,3,2023,72,0,1,1,0,0,0,0,0,1
2023-03-14 00:00:00,13,2023-03-14,1,3,2023,73,0,1,1,0,0,0,1,0,0
2023-03-15 00:00:00,84,2023-03-15,2,3,2023,74,0,1,1,0,0,0,1,0,0
2023-03-16 00:00:00,25,2023-03-16,3,3,2023,75,0,1,1,0,0,0,1,0,0
2023-03-17 00:00:00,68,2023-03-17,4,3,2023,76,0,1,1,0,0,0,1,0,0
2023-03-18 00:00:00,10,2023-03-18,5,3,2023,77,0,1,1,0,0,0,0,0,1
2023-03-19 00:00:00,67,2023-03-19,6,3,2023,78,0,2,0,0,1,1,0,0,0
2023-03-20 00:00:00,18,2023-03-20,0,3,2023,79,0,2,0,0,1,0,1,0,0
2023-03-21 00:00:00,86,2023-03-21,1,3,2023,80,0,1,1,0,0,0,1,0,0
2023-03-22 00:00:00,34,2023-03-22,2,3,2023,81,0,2,0,0,1,0,0,0,1
2023-03-23 00:00:00,8,2023-03-23,3,3,2023,82,0,0,0,1,0,0,0,0,1
2023-03-24 00:00:00,40,2023-03-24,4,3,2023,83,0,1,1,0,0,0,0,1,0
2023-03-25 00:00:00,83,2023-03-25,5,3,2023,84,0,0,0,1,0,0,1,0,0
2023-03-26 00:00:00,42,2023-03-26,6,3,2023,85,0,0,0,1,0,0,0,1,0
2023-03-27 00:00:00,41,2023-03-27,0,3,2023,86,0,1,1,0,0,0,0,0,1
2023-03-28 00:00:00,6,2023-03-28,1,3,2023,87,0,2,0,0,1,0,0,0,1
2023-03-29 00:00:00,52,2023-03-29,2,3,2023,88,0,0,0,1,0,1,0,0,0
2023-03-30 00:00:00,26,2023-03-30,3,3,2023,89,0,1,1,0,0,0,1,0,0
2023-03-31 00:00:00,64,2023-03-31,4,3,2023,90,0,0,0,1,0,0,0,1,0
2023-04-01 00:00:00,98,2023-04-01,5,4,2023,91,0,0,0,1,0,0,0,0,1
2023-04-02 00:00:00,59,2023-04-02,6,4,2023,92,0,0,0,1,0,0,0,0,1
2023-04-03 00:00:00,56,2023-04-03,0,4,2023,93,0,0,0,1,0,0,0,1,0
2023-04-04 00:00:00,59,2023-04-04,1,4,2023,94,0,2,0,0,1,1,0,0,0
2023-04-05 00:00:00,70,2023-04-05,2,4,2023,95,0,0,0,1,0,0,0,0,1
2023-04-06 00:00:00,33,2023-04-06,3,4,2023,96,0,0,0,1,0,0,1,0,0
2023-04-07 00:00:00,53,2023-04-07,4,4,2023,97,0,0,0,1,0,0,0,0,1
2023-04-08 00:00:00,22,2023-04-08,5,4,2023,98,0,2,0,0,1,0,1,0,0
2023-04-09 00:00:00,21,2023-04-09,6,4,2023,99,0,0,0,1,0,0,0,1,0
2023-04-10 00:00:00,70,2023-04-10,0,4,2023,100,0,0,0,1,0,0,1,0,0
2023-04-11 00:00:00,70,2023-04-11,1,4,2023,101,0,2,0,0,1,0,0,1,0
2023-04-12 00:00:00,4,2023-04-12,2,4,2023,102,0,2,0,0,1,0,1,0,0
2023-04-13 00:00:00,94,2023-04-13,3,4,2023,103,0,2,0,0,1,0,0,1,0
2023-04-14 00:00:00,75,2023-04-14,4,4,2023,104,0,0,0,1,0,0,1,0,0
2023-04-15 00:00:00,62,2023-04-15,5,4,2023,105,0,2,0,0,1,1,0,0,0
2023-04-16 00:00:00,62,2023-04-16,6,4,2023,106,0,2,0,0,1,0,1,0,0
2023-04-17 00:00:00,94,2023-04-17,0,4,2023,107,0,0,0,1,0,0,1,0,0
2023-04-18 00:00:00,95,2023-04-18,1,4,2023,108,0,2,0,0,1,1,0,0,0
2023-04-19 00:00:00,24,2023-04-19,2,4,2023,109,0,0,0,1,0,0,0,0,1
2023-04-20 00:00:00,55,2023-04-20,3,4,2023,110,0,1,1,0,0,0,0,0,1
2023-04-21 00:00:00,9,2023-04-21,4,4,2023,111,0,2,0,0,1,0,1,0,0
2023-04-22 00:00:00,3,2023-04-22,5,4,2023,112,0,1,1,0,0,1,0,0,0
2023-04-23 00:00:00,31,2023-04-23,6,4,2023,113,0,0,0,1,0,0,1,0,0
2023-04-24 00:00:00,40,2023-04-24,0,4,2023,114,0,2,0,0,1,0,0,1,0
2023-04-25 00:00:00,36,2023-04-25,1,4,2023,115,0,0,0,1,0,0,0,1,0
2023-04-26 00:00:00,24,2023-04-26,2,4,2023,116,0,1,1,0,0,0,1,0,0
2023-04-27 00:00:00,95,2023-04-27,3,4,2023,117,0,0,0,1,0,0,0,0,1
2023-04-28 00:00:00,6,2023-04-28,4,4,2023,118,0,2,0,0,1,0,0,0,1
2023-04-29 00:00:00,66,2023-04-29,5,4,2023,119,0,2,0,0,1,0,1,0,0
2023-04-30 00:00:00,84,2023-04-30,6,4,2023,120,0,1,1,0,0,0,1,0,0
2023-05-01 00:00:00,92,2023-05-01,0,5,2023,121,0,0,0,1,0,0,0,1,0
2023-05-02 00:00:00,75,2023-05-02,1,5,2023,122,0,2,0,0,1,0,0,0,1
2023-05-03 00:00:00,4,2023-05-03,2,5,2023,123,0,1,1,0,0,0,1,0,0
2023-05-04 00:00:00,79,2023-05-04,3,5,2023,124,0,2,0,0,1,0,0,1,0
2023-05-05 00:00:00,6,2023-05-05,4,5,2023,125,0,2,0,0,1,0,0,0,1
2023-05-06 00:00:00,94,2023-05-06,5,5,2023,126,0,0,0,1,0,1,0,0,0
2023-05-07 00:00:00,51,2023-05-07,6,5,2023,127,0,2,0,0,1,0,0,1,0
2023-05-08 00:00:00,62,2023-05-08,0,5,2023,128,0,0,0,1,0,0,0,0,1
2023-05-09 00:00:00,57,2023-05-09,1,5,2023,129,0,2,0,0,1,0,0,0,1
2023-05-10 00:00:00,66,2023-05-10,2,5,2023,130,0,1,1,0,0,0,0,1,0
2023-05-11 00:00:00,79,2023-05-11,3,5,2023,131,0,2,0,0,1,1,0,0,0
2023-05-12 00:00:00,75,2023-05-12,4,5,2023,132,0,0,0,1,0,0,0,1,0
2023-05-13 00:00:00,8,2023-05-13,5,5,2023,133,0,0,0,1,0,0,0,0,1
2023-05-14 00:00:00,26,2023-05-14,6,5,2023,134,0,1,1,0,0,0,1,0,0
2023-05-15 00:00:00,51,2023-05-15,0,5,2023,135,0,2,0,0,1,0,1,0,0
2023-05-16 00:00:00,45,2023-05-16,1,5,2023,136,0,2,0,0,1,0,0,1,0
2023-05-17 00:00:00,44,2023-05-17,2,5,2023,137,0,1,1,0,0,0,0,0,1
2023-05-18 00:00:00,5,2023-05-18,3,5,2023,138,0,2,0,0,1,0,1,0,0
2023-05-19 00:00:00,70,2023-05-19,4,5,2023,139,0,2,0,0,1,0,0,0,1
2023-05-20 00:00:00,26,2023-05-20,5,5,2023,140,0,0,0,1,0,0,0,1,0
2023-05-21 00:00:00,68,2023-05-21,6,5,2023,141,0,2,0,0,1,0,1,0,0
2023-05-22 00:00:00,19,2023-05-22,0,5,2023,142,0,2,0,0,1,0,0,0,1
2023-05-23 00:00:00,84,2023-05-23,1,5,2023,143,0,1,1,0,0,0,1,0,0
2023-05-24 00:00:00,97,2023-05-24,2,5,2023,144,0,1,1,0,0,0,0,1,0
2023-05-25 00:00:00,20,2023-05-25,3,5,2023,145,0,0,0,1,0,0,0,0,1
2023-05-26 00:00:00,12,2023-05-26,4,5,2023,146,0,2,0,0,1,0,1,0,0
2023-05-27 00:00:00,47,2023-05-27,5,5,2023,147,0,2,0,0,1,0,0,1,0
2023-05-29 00:00:00,90,2023-05-29,0,5,2023,149,1,0,0,1,0,0,1,0,0
2023-05-30 00:00:00,14,2023-05-30,1,5,2023,150,0,0,0,1,0,1,0,0,0
2023-05-31 00:00:00,64,2023-05-31,2,5,2023,151,0,1,1,0,0,1,0,0,0
2023-06-01 00:00:00,38,2023-06-01,3,6,2023,152,0,0,0,1,0,0,0,1,0
2023-06-02 00:00:00,37,2023-06-02,4,6,2023,153,0,2,0,0,1,1,0,0,0
2023-06-03 00:00:00,11,2023-06-03,5,6,2023,154,0,2,0,0,1,0,0,1,0
2023-06-04 00:00:00,77,2023-06-04,6,6,2023,155,0,0,0,1,0,1,0,0,0
2023-06-05 00:00:00,3,2023-06-05,0,6,2023,156,0,2,0,0,1,0,1,0,0
2023-06-06 00:00:00,33,2023-06-06,1,6,2023,157,0,2,0,0,1,0,0,1,0
2023-06-07 00:00:00,6,2023-06-07,2,6,2023,158,0,0,0,1,0,0,0,1,0
2023-06-08 00:00:00,50,2023-06-08,3,6,2023,159,0,0,0,1,0,0,1,0,0
2023-06-09 00:00:00,10,2023-06-09,4,6,2023,160,0,2,0,0,1,0,0,1,0
2023-06-10 00:00:00,5,2023-06-10,5,6,2023,161,0,2,0,0,1,0,0,1,0
2023-06-11 00:00:00,23,2023-06-11,6,6,2023,162,0,2,0,0,1,1,0,0,0
2023-06-12 00:00:00,10,2023-06-12,0,6,2023,163,0,1,1,0,0,0,0,1,0
2023-06-13 00:00:00,44,2023-06-13,1,6,2023,164,0,1,1,0,0,0,0,0,1
2023-06-14 00:00:00,2,2023-06-14,2,6,2023,165,0,1,1,0,0,0,1,0,0
2023-06-15 00:00:00,13,2023-06-15,3,6,2023,166,0,0,0,1,0,1,0,0,0
2023-06-16 00:00:00,40,2023-06-16,4,6,2023,167,0,1,1,0,0,1,0,0,0
2023-06-17 00:00:00,2,2023-06-17,5,6,2023,168,0,0,0,1,0,0,0,0,1
2023-06-18 00:00:00,84,2023-06-18,6,6,2023,169,0,0,0,1,0,0,1,0,0
2023-06-19 00:00:00,65,2023-06-19,0,6,2023,170,1,1,1,0,0,0,1,0,0
2023-06-20 00:00:00,63,2023-06-20,1,6,2023,171,0,1,1,0,0,1,0,0,0
2023-06-21 00:00:00,73,2023-06-21,2,6,2023,172,0,1,1,0,0,0,0,1,0
2023-06-22 00:00:00,17,2023-06-22,3,6,2023,173,0,2,0,0,1,1,0,0,0
2023-06-23 00:00:00,9,2023-06-23,4,6,2023,174,0,1,1,0,0,0,1,0,0
2023-06-24 00:00:00,75,2023-06-24,5,6,2023,175,0,2,0,0,1,0,0,0,1
2023-06-25 00:00:00,15,2023-06-25,6,6,2023,176,0,0,0,1,0,1,0,0,0
2023-06-26 00:00:00,24,2023-06-26,0,6,2023,177,0,2,0,0,1,0,1,0,0
2023-06-27 00:00:00,38,2023-06-27,1,6,2023,178,0,1,1,0,0,1,0,0,0
2023-06-28 00:00:00,35,2023-06-28,2,6,2023,179,0,0,0,1,0,0,0,1,0
2023-06-29 00:00:00,94,2023-06-29,3,6,2023,180,0,0,0,1,0,1,0,0,0
2023-06-30 00:00:00,95,2023-06-30,4,6,2023,181,0,0,0,1,0,1,0,0,0
2023-07-01 00:00:00,49,2023-07-01,5,7,2023,182,0,2,0,0,1,0,1,0,0
2023-07-02 00:00:00,69,2023-07-02,6,7,2023,183,0,1,1,0,0,0,1,0,0
2023-07-03 00:00:00,62,2023-07-03,0,7,2023,184,0,0,0,1,0,0,1,0,0
2023-07-04 00:00:00,60,2023-07-04,1,7,2023,185,1,0,0,1,0,1,0,0,0
2023-07-05 00:00:00,50,2023-07-05,2,7,2023,186,0,0,0,1,0,0,0,1,0
2023-07-06 00:00:00,78,2023-07-06,3,7,2023,187,0,2,0,0,1,0,0,0,1
2023-07-07 00:00:00,75,2023-07-07,4,7,2023,188,0,2,0,0,1,0,0,0,1
2023-07-08 00:00:00,9,2023-07-08,5,7,2023,189,0,1,1,0,0,0,1,0,0
2023-07-09 00:00:00,34,2023-07-09,6,7,2023,190,0,2,0,0,1,0,1,0,0
2023-07-10 00:00:00,76,2023-07-10,0,7,2023,191,0,0,0,1,0,1,0,0,0
2023-07-11 00:00:00,99,2023-07-11,1,7,2023,192,0,1,1,0,0,0,0,0,1
2023-07-12 00:00:00,35,2023-07-12,2,7,2023,193,0,0,0,1,0,0,1,0,0
2023-07-13 00:00:00,1,2023-07-13,3,7,2023,194,0,0,0,1,0,0,0,1,0
2023-07-14 00:00:00,40,2023-07-14,4,7,2023,195,0,2,0,0,1,0,0,1,0
2023-07-15 00:00:00,64,2023-07-15,5,7,2023,196,0,1,1,0,0,0,1,0,0
2023-07-16 00:00:00,22,2023-07-16,6,7,2023,197,0,2,0,0,1,0,1,0,0
2023-07-17 00:00:00,60,2023-07-17,0,7,2023,198,0,2,0,0,1,0,0,0,1
2023-07-18 00:00:00,64,2023-07-18,1,7,2023,199,0,1,1,0,0,0,0,0,1
2023-07-19 00:00:00,93,2023-07-19,2,7,2023,200,0,0,0,1,0,1,0,0,0
2023-07-20 00:00:00,72,2023-07-20,3,7,2023,201,0,0,0,1,0,0,0,0,1
2023-07-21 00:00:00,11,2023-07-21,4,7,2023,202,0,1,1,0,0,0,0,1,0
2023-07-22 00:00:00,14,2023-07-22,5,7,2023,203,0,0,0,1,0,0,0,1,0
2023-07-23 00:00:00,60,2023-07-23,6,7,2023,204,0,1,1,0,0,0,1,0,0
2023-07-24 00:00:00,30,2023-07-24,0,7,2023,205,0,1,1,0,0,0,0,0,1
2023-07-25 00:00:00,35,2023-07-25,1,7,2023,206,0,2,0,0,1,1,0,0,0
2023-07-26 00:00:00,85,2023-07-26,2,7,2023,207,0,1,1,0,0,0,0,1,0
2023-07-27 00:00:00,37,2023-07-27,3,7,2023,208,0,2,0,0,1,0,0,1,0
2023-07-28 00:00:00,5,2023-07-28,4,7,2023,209,0,0,0,1,0,1,0,0,0
2023-07-29 00:00:00,83,2023-07-29,5,7,2023,210,0,0,0,1,0,1,0,0,0
2023-07-31 00:00:00,26,2023-07-31,0,7,2023,212,0,0,0,1,0,0,0,1,0
2023-08-01 00:00:00,62,2023-08-01,1,8,2023,213,0,2,0,0,1,1,0,0,0
2023-08-02 00:00:00,4,2023-08-02,2,8,2023,214,0,0,0,1,0,0,0,1,0
2023-08-03 00:00:00,89,2023-08-03,3,8,2023,215,0,1,1,0,0,0,1,0,0
2023-08-04 00:00:00,42,2023-08-04,4,8,2023,216,0,1,1,0,0,0,1,0,0
2023-08-05 00:00:00,89,2023-08-05,5,8,2023,217,0,1,1,0,0,1,0,0,0
2023-08-06 00:00:00,18,2023-08-06,6,8,2023,218,0,2,0,0,1,0,0,0,1
2023-08-07 00:00:00,40,2023-08-07,0,8,2023,219,0,0,0,1,0,1,0,0,0
2023-08-08 00:00:00,72,2023-08-08,1,8,2023,220,0,0,0,1,0,1,0,0,0
2023-08-09 00:00:00,39,2023-08-09,2,8,2023,221,0,0,0,1,0,0,0,0,1
2023-08-10 00:00:00,14,2023-08-10,3,8,2023,222,0,2,0,0,1,0,0,0,1
2023-08-11 00:00:00,32,2023-08-11,4,8,2023,223,0,1,1,0,0,0,0,0,1
2023-08-12 00:00:00,51,2023-08-12,5,8,2023,224,0,1,1,0,0,0,1,0,0
2023-08-13 00:00:00,38,2023-08-13,6,8,2023,225,0,0,0,1,0,0,0,1,0
2023-08-14 00:00:00,97,2023-08-14,0,8,2023,226,0,1,1,0,0,0,1,0,0
2023-08-15 00:00:00,23,2023-08-15,1,8,2023,227,0,1,1,0,0,0,0,1,0
2023-08-17 00:00:00,15,2023-08-17,3,8,2023,229,0,2,0,0,1,0,0,1,0
2023-08-18 00:00:00,97,2023-08-18,4,8,2023,230,0,2,0,0,1,0,1,0,0
2023-08-19 00:00:00,25,2023-08-19,5,8,2023,231,0,2,0,0,1,0,0,0,1
2023-08-21 00:00:00,97,2023-08-21,0,8,2023,233,0,2,0,0,1,0,1,0,0
2023-08-22 00:00:00,66,2023-08-22,1,8,2023,234,0,1,1,0,0,0,0,1,0
2023-08-23 00:00:00,78,2023-08-23,2,8,2023,235,0,0,0,1,0,0,0,0,1
2023-08-24 00:00:00,53,2023-08-24,3,8,2023,236,0,1,1,0,0,0,1,0,0
2023-08-25 00:00:00,51,2023-08-25,4,8,2023,237,0,1,1,0,0,0,1,0,0
2023-08-26 00:00:00,39,2023-08-26,5,8,2023,238,0,1,1,0,0,0,0,0,1
2023-08-27 00:00:00,51,2023-08-27,6,8,2023,239,0,2,0,0,1,0,1,0,0
2023-08-28 00:00:00,70,2023-08-28,0,8,2023,240,0,2,0,0,1,1,0,0,0
2023-08-29 00:00:00,6,2023-08-29,1,8,2023,241,0,0,0,1,0,0,1,0,0
2023-08-30 00:00:00,67,2023-08-30,2,8,2023,242,0,0,0,1,0,1,0,0,0
2023-08-31 00:00:00,7,2023-08-31,3,8,2023,243,0,2,0,0,1,1,0,0,0
2023-09-01 00:00:00,51,2023-09-01,4,9,2023,244,0,1,1,0,0,0,0,0,1
2023-09-02 00:00:00,72,2023-09-02,5,9,2023,245,0,0,0,1,0,0,1,0,0
2023-09-03 00:00:00,42,2023-09-03,6,9,2023,246,0,2,0,0,1,0,0,0,1
2023-09-04 00:00:00,64,2023-09-04,0,9,2023,247,1,2,0,0,1,0,1,0,0
2023-09-05 00:00:00,15,2023-09-05,1,9,2023,248,0,2,0,0,1,0,1,0,0
2023-09-06 00:00:00,29,2023-09-06,2,9,2023,249,0,1,1,0,0,0,0,1,0
2023-09-07 00:00:00,33,2023-09-07,3,9,2023,250,0,2,0,0,1,0,1,0,0
2023-09-08 00:00:00,94,2023-09-08,4,9,2023,251,0,2,0,0,1,0,0,0,1
2023-09-09 00:00:00,27,2023-09-09,5,9,2023,252,0,2,0,0,1,1,0,0,0
2023-09-10 00:00:00,36,2023-09-10,6,9,2023,253,0,2,0,0,1,0,1,0,0
2023-09-11 00:00:00,29,2023-09-11,0,9,2023,254,0,0,0,1,0,0,0,1,0
2023-09-12 00:00:00,38,2023-09-12,1,9,2023,255,0,0,0,1,0,0,0,0,1
2023-09-13 00:00:00,57,2023-09-13,2,9,2023,256,0,2,0,0,1,0,1,0,0
2023-09-14 00:00:00,97,2023-09-14,3,9,2023,257,0,1,1,0,0,0,0,0,1
2023-09-15 00:00:00,27,2023-09-15,4,9,2023,258,0,0,0,1,0,0,0,1,0
2023-09-16 00:00:00,55,2023-09-16,5,9,2023,259,0,2,0,0,1,0,0,1,0
2023-09-17 00:00:00,33,2023-09-17,6,9,2023,260,0,0,0,1,0,0,0,0,1
2023-09-19 00:00:00,86,2023-09-19,1,9,2023,262,0,1,1,0,0,1,0,0,0
2023-09-20 00:00:00,66,2023-09-20,2,9,2023,263,0,2,0,0,1,0,0,1,0
2023-09-21 00:00:00,10,2023-09-21,3,9,2023,264,0,2,0,0,1,0,1,0,0
2023-09-22 00:00:00,5,2023-09-22,4,9,2023,265,0,1,1,0,0,0,1,0,0
2023-09-23 00:00:00,74,2023-09-23,5,9,2023,266,0,1,1,0,0,1,0,0,0
2023-09-24 00:00:00,97,2023-09-24,6,9,2023,267,0,2,0,0,1,0,0,1,0
2023-09-25 00:00:00,38,2023-09-25,0,9,2023,268,0,2,0,0,1,0,0,1,0
2023-09-26 00:00:00,13,2023-09-26,1,9,2023,269,0,1,1,0,0,0,1,0,0
2023-09-27 00:00:00,31,2023-09-27,2,9,2023,270,0,0,0,1,0,0,1,0,0
2023-09-28 00:00:00,47,2023-09-28,3,9,2023,271,0,0,0,1,0,1,0,0,0
2023-09-29 00:00:00,88,2023-09-29,4,9,2023,272,0,1,1,0,0,1,0,0,0
2023-09-30 00:00:00,52,2023-09-30,5,9,2023,273,0,0,0,1,0,0,0,1,0
2023-10-01 00:00:00,56,2023-10-01,6,10,2023,274,0,1,1,0,0,0,0,0,1
2023-10-02 00:00:00,15,2023-10-02,0,10,2023,275,0,0,0,1,0,0,0,1,0
2023-10-03 00:00:00,29,2023-10-03,1,10,2023,276,0,0,0,1,0,0,1,0,0
2023-10-05 00:00:00,5,2023-10-05,3,10,2023,278,0,2,0,0,1,0,0,0,1
2023-10-06 00:00:00,29,2023-10-06,4,10,2023,279,0,0,0,1,0,1,0,0,0
2023-10-07 00:00:00,47,2023-10-07,5,10,2023,280,0,0,0,1,0,0,0,0,1
2023-10-08 00:00:00,68,2023-10-08,6,10,2023,281,0,2,0,0,1,0,0,0,1
2023-10-09 00:00:00,76,2023-10-09,0,10,2023,282,1,2,0,0,1,0,0,0,1
2023-10-10 00:00:00,45,2023-10-10,1,10,2023,283,0,2,0,0,1,1,0,0,0
2023-10-11 00:00:00,2,2023-10-11,2,10,2023,284,0,1,1,0,0,0,0,0,1
2023-10-12 00:00:00,27,2023-10-12,3,10,2023,285,0,0,0,1,0,0,0,0,1
2023-10-13 00:00:00,95,2023-10-13,4,10,2023,286,0,2,0,0,1,0,0,0,1
2023-10-14 00:00:00,36,2023-10-14,5,10,2023,287,0,0,0,1,0,0,1,0,0
2023-10-15 00:00:00,36,2023-10-15,6,10,2023,288,0,1,1,0,0,0,0,0,1
2023-10-16 00:00:00,26,2023-10-16,0,10,2023,289,0,1,1,0,0,1,0,0,0
2023-10-17 00:00:00,43,2023-10-17,1,10,2023,290,0,2,0,0,1,0,0,0,1
2023-10-18 00:00:00,27,2023-10-18,2,10,2023,291,0,1,1,0,0,0,0,0,1
2023-10-19 00:00:00,69,2023-10-19,3,10,2023,292,0,0,0,1,0,1,0,0,0
2023-10-20 00:00:00,20,2023-10-20,4,10,2023,293,0,2,0,0,1,0,0,0,1
2023-10-21 00:00:00,11,2023-10-21,5,10,2023,294,0,0,0,1,0,1,0,0,0
2023-10-22 00:00:00,74,2023-10-22,6,10,2023,295,0,0,0,1,0,0,0,0,1
2023-10-23 00:00:00,38,2023-10-23,0,10,2023,296,0,1,1,0,0,1,0,0,0
2023-10-24 00:00:00,6,2023-10-24,1,10,2023,297,0,1,1,0,0,0,0,0,1
2023-10-25 00:00:00,72,2023-10-25,2,10,2023,298,0,1,1,0,0,0,0,0,1
2023-10-26 00:00:00,23,2023-10-26,3,10,2023,299,0,1,1,0,0,0,1,0,0
2023-10-27 00:00:00,47,2023-10-27,4,10,2023,300,0,1,1,0,0,0,1,0,0
2023-10-28 00:00:00,90,2023-10-28,5,10,2023,301,0,2,0,0,1,0,0,0,1
2023-10-29 00:00:00,46,2023-10-29,6,10,2023,302,0,0,0,1,0,0,0,0,1
2023-10-30 00:00:00,12,2023-10-30,0,10,2023,303,0,0,0,1,0,0,0,1,0
2023-10-31 00:00:00,90,2023-10-31,1,10,2023,304,0,0,0,1,0,1,0,0,0
2023-11-01 00:00:00,13,2023-11-01,2,11,2023,305,0,0,0,1,0,0,0,1,0
2023-11-02 00:00:00,62,2023-11-02,3,11,2023,306,0,1,1,0,0,0,1,0,0
2023-11-03 00:00:00,82,2023-11-03,4,11,2023,307,0,0,0,1,0,0,1,0,0
2023-11-04 00:00:00,89,2023-11-04,5,11,2023,308,0,2,0,0,1,0,1,0,0
2023-11-05 00:00:00,97,2023-11-05,6,11,2023,309,0,2,0,0,1,0,1,0,0
2023-11-06 00:00:00,60,2023-11-06,0,11,2023,310,0,0,0,1,0,0,0,0,1
2023-11-07 00:00:00,43,2023-11-07,1,11,2023,311,0,0,0,1,0,0,1,0,0
2023-11-08 00:00:00,76,2023-11-08,2,11,2023,312,0,2,0,0,1,0,0,0,1
2023-11-09 00:00:00,68,2023-11-09,3,11,2023,313,0,2,0,0,1,0,0,0,1
2023-11-10 00:00:00,5,2023-11-10,4,11,2023,314,1,1,1,0,0,0,1,0,0
2023-11-11 00:00:00,37,2023-11-11,5,11,2023,315,1,2,0,0,1,0,1,0,0
2023-11-12 00:00:00,72,2023-11-12,6,11,2023,316,0,1,1,0,0,1,0,0,0
2023-11-13 00:00:00,92,2023-11-13,0,11,2023,317,0,1,1,0,0,0,0,1,0
2023-11-14 00:00:00,31,2023-11-14,1,11,2023,318,0,1,1,0,0,0,1,0,0
2023-11-15 00:00:00,9,2023-11-15,2,11,2023,319,0,1,1,0,0,1,0,0,0
2023-11-16 00:00:00,51,2023-11-16,3,11,2023,320,0,1,1,0,0,1,0,0,0
2023-11-17 00:00:00,29,2023-11-17,4,11,2023,321,0,0,0,1,0,0,0,1,0
2023-11-18 00:00:00,78,2023-11-18,5,11,2023,322,0,2,0,0,1,0,0,0,1
2023-11-19 00:00:00,40,2023-11-19,6,11,2023,323,0,1,1,0,0,0,1,0,0
2023-11-20 00:00:00,41,2023-11-20,0,11,2023,324,0,2,0,0,1,0,0,1,0
2023-11-21 00:00:00,86,2023-11-21,1,11,2023,325,0,2,0,0,1,0,1,0,0
2023-11-22 00:00:00,11,2023-11-22,2,11,2023,326,0,1,1,0,0,1,0,0,0
2023-11-23 00:00:00,23,2023-11-23,3,11,2023,327,1,0,0,1,0,1,0,0,0
2023-11-24 00:00:00,1,2023-11-24,4,11,2023,328,0,1,1,0,0,0,0,0,1
2023-11-25 00:00:00,46,2023-11-25,5,11,2023,329,0,0,0,1,0,1,0,0,0
2023-11-26 00:00:00,21,2023-11-26,6,11,2023,330,0,2,0,0,1,1,0,0,0
2023-11-27 00:00:00,90,2023-11-27,0,11,2023,331,0,0,0,1,0,0,0,1,0
2023-11-28 00:00:00,36,2023-11-28,1,11,2023,332,0,0,0,1,0,0,1,0,0
2023-11-29 00:00:00,54,2023-11-29,2,11,2023,333,0,0,0,1,0,0,1,0,0
2023-11-30 00:00:00,87,2023-11-30,3,11,2023,334,0,2,0,0,1,0,0,1,0
2023-12-01 00:00:00,57,2023-12-01,4,12,2023,335,0,2,0,0,1,0,0,0,1
2023-12-02 00:00:00,1,2023-12-02,5,12,2023,336,0,0,0,1,0,0,1,0,0
2023-12-03 00:00:00,63,2023-12-03,6,12,2023,337,0,0,0,1,0,1,0,0,0
2023-12-04 00:00:00,54,2023-12-04,0,12,2023,338,0,1,1,0,0,0,1,0,0
2023-12-05 00:00:00,55,2023-12-05,1,12,2023,339,0,0,0,1,0,1,0,0,0
2023-12-06 00:00:00,40,2023-12-06,2,12,2023,340,0,1,1,0,0,0,0,0,1
2023-12-07 00:00:00,15,2023-12-07,3,12,2023,341,0,0,0,1,0,0,0,1,0
2023-12-08 00:00:00,21,2023-12-08,4,12,2023,342,0,1,1,0,0,0,1,0,0
2023-12-09 00:00:00,47,2023-12-09,5,12,2023,343,0,2,0,0,1,0,0,1,0
2023-12-10 00:00:00,73,2023-12-10,6,12,2023,344,0,0,0,1,0,0,1,0,0
2023-12-11 00:00:00,53,2023-12-11,0,12,2023,345,0,0,0,1,0,1,0,0,0
2023-12-12 00:00:00,9,2023-12-12,1,12,2023,346,0,0,0,1,0,0,0,1,0
2023-12-13 00:00:00,74,2023-12-13,2,12,2023,347,0,0,0,1,0,0,1,0,0
2023-12-14 00:00:00,52,2023-12-14,3,12,2023,348,0,1,1,0,0,1,0,0,0
2023-12-15 00:00:00,57,2023-12-15,4,12,2023,349,0,0,0,1,0,0,0,1,0
2023-12-16 00:00:00,26,2023-12-16,5,12,2023,350,0,2,0,0,1,0,0,1,0
2023-12-17 00:00:00,41,2023-12-17,6,12,2023,351,0,2,0,0,1,0,1,0,0
2023-12-18 00:00:00,35,2023-12-18,0,12,2023,352,0,0,0,1,0,0,1,0,0
2023-12-19 00:00:00,63,2023-12-19,1,12,2023,353,0,2,0,0,1,0,1,0,0
2023-12-20 00:00:00,25,2023-12-20,2,12,2023,354,0,0,0,1,0,1,0,0,0
2023-12-21 00:00:00,90,2023-12-21,3,12,2023,355,0,0,0,1,0,0,1,0,0
2023-12-22 00:00:00,75,2023-12-22,4,12,2023,356,0,2,0,0,1,0,0,1,0
2023-12-23 00:00:00,38,2023-12-23,5,12,2023,357,0,0,0,1,0,0,0,1,0
2023-12-24 00:00:00,2,2023-12-24,6,12,2023,358,0,2,0,0,1,0,1,0,0
2023-12-25 00:00:00,7,2023-12-25,0,12,2023,359,1,1,1,0,0,0,1,0,0
2023-12-26 00:00:00,82,2023-12-26,1,12,2023,360,0,0,0,1,0,0,0,0,1
2023-12-27 00:00:00,91,2023-12-27,2,12,2023,361,0,1,1,0,0,0,0,1,0
2023-12-28 00:00:00,34,2023-12-28,3,12,2023,362,0,2,0,0,1,1,0,0,0
2023-12-29 00:00:00,91,2023-12-29,4,12,2023,363,0,1,1,0,0,0,0,0,1
2023-12-30 00:00:00,17,2023-12-30,5,12,2023,364,0,1,1,0,0,0,1,0,0
2023-12-31 00:00:00,43,2023-12-31,6,12,2023,365,0,2,0,0,1,0,1,0,0
2024-01-02 00:00:00,51,2024-01-02,1,1,2024,2,0,1,1,0,0,0,1,0,0
2024-01-03 00:00:00,54,2024-01-03,2,1,2024,3,0,2,0,0,1,1,0,0,0
2024-01-04 00:00:00,24,2024-01-04,3,1,2024,4,0,1,1,0,0,0,0,1,0
2024-01-05 00:00:00,25,2024-01-05,4,1,2024,5,0,2,0,0,1,0,1,0,0
2024-01-06 00:00:00,71,2024-01-06,5,1,2024,6,0,1,1,0,0,0,0,1,0
2024-01-07 00:00:00,52,2024-01-07,6,1,2024,7,0,2,0,0,1,0,1,0,0
2024-01-08 00:00:00,70,2024-01-08,0,1,2024,8,0,2,0,0,1,0,1,0,0
2024-01-09 00:00:00,88,2024-01-09,1,1,2024,9,0,1,1,0,0,0,1,0,0
2024-01-10 00:00:00,33,2024-01-10,2,1,2024,10,0,1,1,0,0,1,0,0,0
2024-01-11 00:00:00,49,2024-01-11,3,1,2024,11,0,1,1,0,0,1,0,0,0
2024-01-12 00:00:00,29,2024-01-12,4,1,2024,12,0,0,0,1,0,0,0,1,0
2024-01-13 00:00:00,63,2024-01-13,5,1,2024,13,0,0,0,1,0,0,1,0,0
2024-01-14 00:00:00,22,2024-01-14,6,1,2024,14,0,0,0,1,0,0,1,0,0
2024-01-15 00:00:00,26,2024-01-15,0,1,2024,15,1,2,0,0,1,1,0,0,0
2024-01-16 00:00:00,28,2024-01-16,1,1,2024,16,0,1,1,0,0,0,1,0,0
2024-01-17 00:00:00,85,2024-01-17,2,1,2024,17,0,2,0,0,1,1,0,0,0
2024-01-18 00:00:00,49,2024-01-18,3,1,2024,18,0,0,0,1,0,0,1,0,0
2024-01-19 00:00:00,71,2024-01-19,4,1,2024,19,0,1,1,0,0,0,0,1,0
2024-01-20 00:00:00,81,2024-01-20,5,1,2024,20,0,2,0,0,1,0,1,0,0
2024-01-21 00:00:00,84,2024-01-21,6,1,2024,21,0,1,1,0,0,0,1,0,0
2024-01-22 00:00:00,49,2024-01-22,0,1,2024,22,0,2,0,0,1,0,0,0,1
2024-01-23 00:00:00,20,2024-01-23,1,1,2024,23,0,1,1,0,0,1,0,0,0
2024-01-24 00:00:00,86,2024-01-24,2,1,2024,24,0,0,0,1,0,0,1,0,0
2024-01-25 00:00:00,92,2024-01-25,3,1,2024,25,0,0,0,1,0,0,1,0,0
2024-01-27 00:00:00,61,2024-01-27,5,1,2024,27,0,2,0,0,1,0,0,0,1
2024-01-28 00:00:00,49,2024-01-28,6,1,2024,28,0,0,0,1,0,1,0,0,0
2024-01-29 00:00:00,71,2024-01-29,0,1,2024,29,0,0,0,1,0,0,0,0,1
2024-01-30 00:00:00,1,2024-01-30,1,1,2024,30,0,0,0,1,0,0,0,1,0
2024-01-31 00:00:00,96,2024-01-31,2,1,2024,31,0,1,1,0,0,0,0,0,1
2024-02-01 00:00:00,13,2024-02-01,3,2,2024,32,0,1,1,0,0,0,0,1,0
2024-02-02 00:00:00,94,2024-02-02,4,2,2024,33,0,2,0,0,1,1,0,0,0
2024-02-04 00:00:00,51,2024-02-04,6,2,2024,35,0,2,0,0,1,1,0,0,0
2024-02-05 00:00:00,56,2024-02-05,0,2,2024,36,0,1,1,0,0,1,0,0,0
2024-02-06 00:00:00,83,2024-02-06,1,2,2024,37,0,1,1,0,0,1,0,0,0
2024-02-07 00:00:00,62,2024-02-07,2,2,2024,38,0,2,0,0,1,0,0,1,0
2024-02-08 00:00:00,32,2024-02-08,3,2,2024,39,0,2,0,0,1,0,0,1,0
2024-02-09 00:00:00,30,2024-02-09,4,2,2024,40,0,1,1,0,0,1,0,0,0
2024-02-10 00:00:00,29,2024-02-10,5,2,2024,41,0,2,0,0,1,0,0,0,1
2024-02-11 00:00:00,49,2024-02-11,6,2,2024,42,0,0,0,1,0,0,1,0,0
2024-02-12 00:00:00,45,2024-02-12,0,2,2024,43,0,1,1,0,0,1,0,0,0
2024-02-13 00:00:00,93,2024-02-13,1,2,2024,44,0,2,0,0,1,0,0,0,1
2024-02-14 00:00:00,30,2024-02-14,2,2,2024,45,0,1,1,0,0,0,1,0,0
2024-02-15 00:00:00,16,2024-02-15,3,2,2024,46,0,0,0,1,0,1,0,0,0
2024-02-16 00:00:00,40,2024-02-16,4,2,2024,47,0,1,1,0,0,1,0,0,0
2024-02-17 00:00:00,19,2024-02-17,5,2,2024,48,0,1,1,0,0,0,0,1,0
2024-02-18 00:00:00,18,2024-02-18,6,2,2024,49,0,1,1,0,0,0,1,0,0
2024-02-19 00:00:00,1,2024-02-19,0,2,2024,50,1,1,1,0,0,0,1,0,0
2024-02-20 00:00:00,78,2024-02-20,1,2,2024,51,0,0,0,1,0,0,0,0,1
2024-02-21 00:00:00,47,2024-02-21,2,2,2024,52,0,1,1,0,0,0,0,1,0
2024-02-22 00:00:00,66,2024-02-22,3,2,2024,53,0,1,1,0,0,0,0,1,0
2024-02-23 00:00:00,92,2024-02-23,4,2,2024,54,0,2,0,0,1,0,0,1,0
2024-02-24 00:00:00,94,2024-02-24,5,2,2024,55,0,1,1,0,0,0,0,1,0
2024-02-25 00:00:00,38,2024-02-25,6,2,2024,56,0,2,0,0,1,0,1,0,0
2024-02-26 00:00:00,51,2024-02-26,0,2,2024,57,0,0,0,1,0,0,1,0,0
2024-02-27 00:00:00,63,2024-02-27,1,2,2024,58,0,0,0,1,0,1,0,0,0
2024-02-28 00:00:00,4,2024-02-28,2,2,2024,59,0,0,0,1,0,1,0,0,0
2024-02-29 00:00:00,1,2024-02-29,3,2,2024,60,0,0,0,1,0,0,0,1,0
2024-03-01 00:00:00,8,2024-03-01,4,3,2024,61,0,2,0,0,1,0,0,1,0
2024-03-02 00:00:00,29,2024-03-02,5,3,2024,62,0,1,1,0,0,0,0,1,0
2024-03-03 00:00:00,55,2024-03-03,6,3,2024,63,0,0,0,1,0,1,0,0,0
2024-03-04 00:00:00,3,2024-03-04,0,3,2024,64,0,1,1,0,0,0,0,0,1
2024-03-05 00:00:00,32,2024-03-05,1,3,2024,65,0,2,0,0,1,0,0,0,1
2024-03-06 00:00:00,10,2024-03-06,2,3,2024,66,0,2,0,0,1,1,0,0,0
2024-03-07 00:00:00,74,2024-03-07,3,3,2024,67,0,2,0,0,1,1,0,0,0
2024-03-08 00:00:00,83,2024-03-08,4,3,2024,68,0,0,0,1,0,1,0,0,0
2024-03-09 00:00:00,34,2024-03-09,5,3,2024,69,0,1,1,0,0,1,0,0,0
2024-03-10 00:00:00,97,2024-03-10,6,3,2024,70,0,1,1,0,0,1,0,0,0
2024-03-12 00:00:00,55,2024-03-12,1,3,2024,72,0,2,0,0,1,0,0,1,0
2024-03-13 00:00:00,92,2024-03-13,2,3,2024,73,0,0,0,1,0,0,0,1,0
2024-03-14 00:00:00,32,2024-03-14,3,3,2024,74,0,2,0,0,1,0,0,1,0
2024-03-15 00:00:00,50,2024-03-15,4,3,2024,75,0,2,0,0,1,0,0,1,0
2024-03-16 00:00:00,7,2024-03-16,5,3,2024,76,0,1,1,0,0,1,0,0,0
2024-03-18 00:00:00,8,2024-03-18,0,3,2024,78,0,1,1,0,0,0,1,0,0
2024-03-19 00:00:00,65,2024-03-19,1,3,2024,79,0,0,0,1,0,1,0,0,0
2024-03-20 00:00:00,57,2024-03-20,2,3,2024,80,0,1,1,0,0,0,1,0,0
2024-03-21 00:00:00,67,2024-03-21,3,3,2024,81,0,0,0,1,0,0,0,0,1
2024-03-22 00:00:00,88,2024-03-22,4,3,2024,82,0,1,1,0,0,0,0,1,0
2024-03-23 00:00:00,87,2024-03-23,5,3,2024,83,0,2,0,0,1,0,0,0,1
2024-03-24 00:00:00,59,2024-03-24,6,3,2024,84,0,2,0,0,1,1,0,0,0
2024-03-25 00:00:00,72,2024-03-25,0,3,2024,85,0,0,0,1,0,0,0,1,0
2024-03-26 00:00:00,54,2024-03-26,1,3,2024,86,0,0,0,1,0,1,0,0,0
2024-03-27 00:00:00,67,2024-03-27,2,3,2024,87,0,0,0,1,0,0,0,1,0
2024-03-28 00:00:00,51,2024-03-28,3,3,2024,88,0,1,1,0,0,0,1,0,0
2024-03-29 00:00:00,97,2024-03-29,4,3,2024,89,0,1,1,0,0,0,1,0,0
2024-03-30 00:00:00,92,2024-03-30,5,3,2024,90,0,0,0,1,0,0,1,0,0
2024-03-31 00:00:00,8,2024-03-31,6,3,2024,91,0,2,0,0,1,0,0,0,1
2024-04-01 00:00:00,34,2024-04-01,0,4,2024,92,0,1,1,0,0,1,0,0,0
2024-04-02 00:00:00,35,2024-04-02,1,4,2024,93,0,1,1,0,0,0,0,0,1
2024-04-03 00:00:00,96,2024-04-03,2,4,2024,94,0,1,1,0,0,0,1,0,0
2024-04-04 00:00:00,88,2024-04-04,3,4,2024,95,0,0,0,1,0,1,0,0,0
2024-04-05 00:00:00,78,2024-04-05,4,4,2024,96,0,0,0,1,0,0,1,0,0
2024-04-06 00:00:00,32,2024-04-06,5,4,2024,97,0,0,0,1,0,0,0,0,1
2024-04-07 00:00:00,46,2024-04-07,6,4,2024,98,0,0,0,1,0,0,0,0,1
2024-04-08 00:00:00,16,2024-04-08,0,4,2024,99,0,0,0,1,0,0,0,0,1
2024-04-09 00:00:00,68,2024-04-09,1,4,2024,100,0,2,0,0,1,0,1,0,0
2024-04-10 00:00:00,37,2024-04-10,2,4,2024,101,0,2,0,0,1,1,0,0,0
2024-04-11 00:00:00,54,2024-04-11,3,4,2024,102,0,0,0,1,0,1,0,0,0
2024-04-12 00:00:00,85,2024-04-12,4,4,2024,103,0,1,1,0,0,0,1,0,0
2024-04-13 00:00:00,14,2024-04-13,5,4,2024,104,0,0,0,1,0,1,0,0,0
2024-04-14 00:00:00,95,2024-04-14,6,4,2024,105,0,2,0,0,1,0,1,0,0
2024-04-15 00:00:00,55,2024-04-15,0,4,2024,106,0,2,0,0,1,1,0,0,0
2024-04-16 00:00:00,48,2024-04-16,1,4,2024,107,0,1,1,0,0,0,0,1,0
2024-04-17 00:00:00,82,2024-04-17,2,4,2024,108,0,2,0,0,1,0,0,1,0
2024-04-18 00:00:00,7,2024-04-18,3,4,2024,109,0,0,0,1,0,0,0,0,1
2024-04-19 00:00:00,74,2024-04-19,4,4,2024,110,0,1,1,0,0,0,0,1,0
2024-04-20 00:00:00,7,2024-04-20,5,4,2024,111,0,0,0,1,0,0,0,1,0
2024-04-21 00:00:00,33,2024-04-21,6,4,2024,112,0,0,0,1,0,0,0,1,0
2024-04-22 00:00:00,23,2024-04-22,0,4,2024,113,0,1,1,0,0,0,1,0,0
2024-04-23 00:00:00,85,2024-04-23,1,4,2024,114,0,0,0,1,0,0,0,1,0
2024-04-24 00:00:00,19,2024-04-24,2,4,2024,115,0,2,0,0,1,0,0,1,0
2024-04-25 00:00:00,19,2024-04-25,3,4,2024,116,0,0,0,1,0,0,0,0,1
2024-04-26 00:00:00,36,2024-04-26,4,4,2024,117,0,1,1,0,0,0,0,1,0
2024-04-27 00:00:00,29,2024-04-27,5,4,2024,118,0,1,1,0,0,0,0,1,0
2024-04-28 00:00:00,60,2024-04-28,6,4,2024,119,0,1,1,0,0,1,0,0,0
2024-04-29 00:00:00,82,2024-04-29,0,4,2024,120,0,0,0,1,0,0,0,0,1
2024-04-30 00:00:00,2,2024-04-30,1,4,2024,121,0,1,1,0,0,0,0,0,1
2024-05-01 00:00:00,1,2024-05-01,2,5,2024,122,0,1,1,0,0,0,0,0,1
2024-05-02 00:00:00,47,2024-05-02,3,5,2024,123,0,0,0,1,0,0,0,0,1
2024-05-03 00:00:00,69,2024-05-03,4,5,2024,124,0,2,0,0,1,0,0,0,1
2024-05-04 00:00:00,20,2024-05-04,5,5,2024,125,0,0,0,1,0,0,0,0,1
2024-05-06 00:00:00,2,2024-05-06,0,5,2024,127,0,1,1,0,0,0,0,1,0
2024-05-07 00:00:00,67,2024-05-07,1,5,2024,128,0,0,0,1,0,0,0,0,1
2024-05-08 00:00:00,87,2024-05-08,2,5,2024,129,0,2,0,0,1,0,0,1,0
2024-05-09 00:00:00,12,2024-05-09,3,5,2024,130,0,1,1,0,0,0,0,1,0
2024-05-10 00:00:00,20,2024-05-10,4,5,2024,131,0,1,1,0,0,0,1,0,0
2024-05-11 00:00:00,5,2024-05-11,5,5,2024,132,0,1,1,0,0,0,0,0,1
2024-05-12 00:00:00,37,2024-05-12,6,5,2024,133,0,0,0,1,0,1,0,0,0
2024-05-14 00:00:00,94,2024-05-14,1,5,2024,135,0,2,0,0,1,1,0,0,0
01/01/2023,71,2023-01-01,6,1,2023,1,1,0,0,1,0,0,0,1,0
02/01/2023,15,2023-01-02,0,1,2023,2,1,1,1,0,0,0,0,0,1
03/01/2023,21,2023-01-03,1,1,2023,3,0,0,0,1,0,0,0,0,1
04/01/2023,19,2023-01-04,2,1,2023,4,0,2,0,0,1,0,0,1,0
05/01/2023,60,2023-01-05,3,1,2023,5,0,1,1,0,0,0,0,0,1
06/01/2023,93,2023-01-06,4,1,2023,6,0,1,1,0,0,0,0,0,1
07/01/2023,89,2023-01-07,5,1,2023,7,0,0,0,1,0,1,0,0,0
08/01/2023,33,2023-01-08,6,1,2023,8,0,1,1,0,0,0,1,0,0
09/01/2023,49,2023-01-09,0,1,2023,9,0,1,1,0,0,0,1,0,0
10/01/2023,96,2023-01-10,1,1,2023,10,0,2,0,0,1,0,1,0,0
11/01/2023,35,2023-01-11,2,1,2023,11,0,1,1,0,0,0,1,0,0
12/01/2023,44,2023-01-12,3,1,2023,12,0,2,0,0,1,0,0,0,1
13/01/2023,90,2023-01-13,4,1,2023,13,0,0,0,1,0,0,0,1,0
14/01/2023,11,2023-01-14,5,1,2023,14,0,1,1,0,0,0,0,1,0
15/01/2023,99,2023-01-15,6,1,2023,15,0,2,0,0,1,1,0,0,0
16/01/2023,72,2023-01-16,0,1,2023,16,1,0,0,1,0,1,0,0,0
17/01/2023,78,2023-01-17,1,1,2023,17,0,1,1,0,0,0,0,0,1
18/01/2023,74,2023-01-18,2,1,2023,18,0,0,0,1,0,0,0,1,0
19/01/2023,66,2023-01-19,3,1,2023,19,0,1,1,0,0,0,0,1,0
20/01/2023,46,2023-01-20,4,1,2023,20,0,0,0,1,0,0,1,0,0
21/01/2023,9,2023-01-21,5,1,2023,21,0,0,0,1,0,0,0,0,1
22/01/2023,3,2023-01-22,6,1,2023,22,0,2,0,0,1,0,0,0,1
23/01/2023,85,2023-01-23,0,1,2023,23,0,0,0,1,0,0,1,0,0
24/01/2023,26,2023-01-24,1,1,2023,24,0,1,1,0,0,0,0,0,1
25/01/2023,72,2023-01-25,2,1,2023,25,0,1,1,0,0,0,0,0,1
26/01/2023,48,2023-01-26,3,1,2023,26,0,2,0,0,1,1,0,0,0
27/01/2023,66,2023-01-27,4,1,2023,27,0,1,1,0,0,0,0,1,0
28/01/2023,70,2023-01-28,5,1,2023,28,0,1,1,0,0,0,0,0,1
29/01/2023,28,2023-01-29,6,1,2023,29,0,1,1,0,0,1,0,0,0
30/01/2023,93,2023-01-30,0,1,2023,30,0,0,0,1,0,0,0,1,0
31/01/2023,26,2023-01-31,1,1,2023,31,0,0,0,1,0,0,1,0,0
01/02/2023,25,2023-02-01,2,2,2023,32,0,1,1,0,0,1,0,0,0
02/02/2023,12,2023-02-02,3,2,2023,33,0,2,0,0,1,1,0,0,0
03/02/2023,5,2023-02-03,4,2,2023,34,0,0,0,1,0,0,0,1,0
04/02/2023,98,2023-02-04,5,2,2023,35,0,2,0,0,1,0,1,0,0
05/02/2023,48,2023-02-05,6,2,2023,36,0,1,1,0,0,1,0,0,0
06/02/2023,37,2023-02-06,0,2,2023,37,0,1,1,0,0,0,0,0,1
07/02/2023,79,2023-02-07,1,2,2023,38,0,0,0,1,0,0,0,0,1
08/02/2023,44,2023-02-08,2,2,2023,39,0,1,1,0,0,0,0,0,1
10/02/2023,43,2023-02-10,4,2,2023,41,0,1,1,0,0,1,0,0,0
11/02/2023,48,2023-02-11,5,2,2023,42,0,1,1,0,0,0,0,0,1
12/02/2023,87,2023-02-12,6,2,2023,43,0,0,0,1,0,0,1,0,0
13/02/2023,70,2023-02-13,0,2,2023,44,0,0,0,1,0,0,0,0,1
14/02/2023,46,2023-02-14,1,2,2023,45,0,0,0,1,0,0,0,1,0
15/02/2023,43,2023-02-15,2,2,2023,46,0,1,1,0,0,1,0,0,0
16/02/2023,21,2023-02-16,3,2,2023,47,0,1,1,0,0,1,0,0,0
17/02/2023,23,2023-02-17,4,2,2023,48,0,2,0,0,1,0,1,0,0
18/02/2023,80,2023-02-18,5,2,2023,49,0,0,0,1,0,0,1,0,0
19/02/2023,47,2023-02-19,6,2,2023,50,0,1,1,0,0,1,0,0,0
20/02/2023,15,2023-02-20,0,2,2023,51,1,1,1,0,0,0,0,0,1
21/02/2023,25,2023-02-21,1,2,2023,52,0,0,0,1,0,0,0,0,1
22/02/2023,36,2023-02-22,2,2,2023,53,0,2,0,0,1,0,0,1,0
23/02/2023,75,2023-02-23,3,2,2023,54,0,0,0,1,0,0,0,0,1
24/02/2023,51,2023-02-24,4,2,2023,55,0,2,0,0,1,0,1,0,0
25/02/2023,15,2023-02-25,5,2,2023,56,0,1,1,0,0,0,1,0,0
26/02/2023,68,2023-02-26,6,2,2023,57,0,2,0,0,1,0,0,0,1
27/02/2023,21,2023-02-27,0,2,2023,58,0,1,1,0,0,0,1,0,0
28/02/2023,13,2023-02-28,1,2,2023,59,0,0,0,1,0,1,0,0,0
01/03/2023,86,2023-03-01,2,3,2023,60,0,0,0,1,0,1,0,0,0
02/03/2023,19,2023-03-02,3,3,2023,61,0,0,0,1,0,0,0,0,1
03/03/2023,34,2023-03-03,4,3,2023,62,0,2,0,0,1,1,0,0,0
05/03/2023,68,2023-03-05,6,3,2023,64,0,0,0,1,0,0,0,1,0
06/03/2023,52,2023-03-06,0,3,2023,65,0,0,0,1,0,0,0,1,0
07/03/2023,27,2023-03-07,1,3,2023,66,0,1,1,0,0,1,0,0,0
08/03/2023,29,2023-03-08,2,3,2023,67,0,0,0,1,0,0,0,0,1
09/03/2023,28,2023-03-09,3,3,2023,68,0,1,1,0,0,0,0,1,0
10/03/2023,35,2023-03-10,4,3,2023,69,0,1,1,0,0,0,1,0,0
11/03/2023,8,2023-03-11,5,3,2023,70,0,1,1,0,0,0,1,0,0
12/03/2023,16,2023-03-12,6,3,2023,71,0,1,1,0,0,0,1,0,0
13/03/2023,36,2023-03-13,0,3,2023,72,0,1,1,0,0,0,0,0,1
14/03/2023,30,2023-03-14,1,3,2023,73,0,2,0,0,1,1,0,0,0
15/03/2023,18,2023-03-15,2,3,2023,74,0,0,0,1,0,0,1,0,0
16/03/2023,2,2023-03-16,3,3,2023,75,0,2,0,0,1,0,0,0,1
17/03/2023,49,2023-03-17,4,3,2023,76,0,0,0,1,0,0,0,1,0
18/03/2023,77,2023-03-18,5,3,2023,77,0,2,0,0,1,1,0,0,0
19/03/2023,4,2023-03-19,6,3,2023,78,0,1,1,0,0,0,0,1,0
20/03/2023,90,2023-03-20,0,3,2023,79,0,0,0,1,0,0,0,0,1
21/03/2023,89,2023-03-21,1,3,2023,80,0,0,0,1,0,0,1,0,0
22/03/2023,94,2023-03-22,2,3,2023,81,0,2,0,0,1,0,1,0,0
23/03/2023,75,2023-03-23,3,3,2023,82,0,2,0,0,1,0,0,0,1
24/03/2023,7,2023-03-24,4,3,2023,83,0,0,0,1,0,0,1,0,0
25/03/2023,95,2023-03-25,5,3,2023,84,0,2,0,0,1,1,0,0,0
26/03/2023,74,2023-03-26,6,3,2023,85,0,2,0,0,1,0,0,0,1
27/03/2023,39,2023-03-27,0,3,2023,86,0,2,0,0,1,0,0,1,0
28/03/2023,13,2023-03-28,1,3,2023,87,0,1,1,0,0,0,0,0,1
29/03/2023,31,2023-03-29,2,3,2023,88,0,1,1,0,0,1,0,0,0
30/03/2023,71,2023-03-30,3,3,2023,89,0,2,0,0,1,1,0,0,0
31/03/2023,63,2023-03-31,4,3,2023,90,0,2,0,0,1,0,0,0,1
01/04/2023,56,2023-04-01,5,4,2023,91,0,1,1,0,0,0,0,0,1
02/04/2023,42,2023-04-02,6,4,2023,92,0,1,1,0,0,0,1,0,0
03/04/2023,61,2023-04-03,0,4,2023,93,0,0,0,1,0,1,0,0,0
04/04/2023,42,2023-04-04,1,4,2023,94,0,0,0,1,0,0,0,0,1
05/04/2023,56,2023-04-05,2,4,2023,95,0,1,1,0,0,0,0,0,1
06/04/2023,36,2023-04-06,3,4,2023,96,0,2,0,0,1,1,0,0,0
07/04/2023,84,2023-04-07,4,4,2023,97,0,2,0,0,1,0,0,0,1
08/04/2023,68,2023-04-08,5,4,2023,98,0,2,0,0,1,0,1,0,0
09/04/2023,7,2023-04-09,6,4,2023,99,0,2,0,0,1,1,0,0,0
10/04/2023,54,2023-04-10,0,4,2023,100,0,0,0,1,0,0,1,0,0
11/04/2023,1,2023-04-11,1,4,2023,101,0,1,1,0,0,0,1,0,0
12/04/2023,44,2023-04-12,2,4,2023,102,0,2,0,0,1,0,1,0,0
13/04/2023,45,2023-04-13,3,4,2023,103,0,0,0,1,0,0,1,0,0
14/04/2023,47,2023-04-14,4,4,2023,104,0,2,0,0,1,1,0,0,0
15/04/2023,13,2023-04-15,5,4,2023,105,0,1,1,0,0,0,1,0,0
16/04/2023,22,2023-04-16,6,4,2023,106,0,0,0,1,0,0,1,0,0
17/04/2023,21,2023-04-17,0,4,2023,107,0,1,1,0,0,0,0,0,1
18/04/2023,86,2023-04-18,1,4,2023,108,0,1,1,0,0,1,0,0,0
19/04/2023,92,2023-04-19,2,4,2023,109,0,0,0,1,0,1,0,0,0
20/04/2023,9,2023-04-20,3,4,2023,110,0,0,0,1,0,0,0,1,0
21/04/2023,26,2023-04-21,4,4,2023,111,0,0,0,1,0,1,0,0,0
22/04/2023,9,2023-04-22,5,4,2023,112,0,0,0,1,0,1,0,0,0
23/04/2023,15,2023-04-23,6,4,2023,113,0,0,0,1,0,0,0,1,0
24/04/2023,10,2023-04-24,0,4,2023,114,0,0,0,1,0,1,0,0,0
25/04/2023,88,2023-04-25,1,4,2023,115,0,0,0,1,0,1,0,0,0
26/04/2023,42,2023-04-26,2,4,2023,116,0,2,0,0,1,1,0,0,0
27/04/2023,72,2023-04-27,3,4,2023,117,0,1,1,0,0,1,0,0,0
28/04/2023,24,2023-04-28,4,4,2023,118,0,0,0,1,0,0,0,1,0
29/04/2023,80,2023-04-29,5,4,2023,119,0,2,0,0,1,1,0,0,0
30/04/2023,49,2023-04-30,6,4,2023,120,0,2,0,0,1,1,0,0,0
01/05/2023,26,2023-05-01,0,5,2023,121,0,2,0,0,1,0,0,1,0
02/05/2023,91,2023-05-02,1,5,2023,122,0,1,1,0,0,0,0,0,1
03/05/2023,37,2023-05-03,2,5,2023,123,0,0,0,1,0,0,1,0,0
04/05/2023,68,2023-05-04,3,5,2023,124,0,2,0,0,1,0,0,0,1
05/05/2023,50,2023-05-05,4,5,2023,125,0,1,1,0,0,0,0,1,0
06/05/2023,24,2023-05-06,5,5,2023,126,0,1,1,0,0,0,1,0,0
07/05/2023,19,2023-05-07,6,5,2023,127,0,1,1,0,0,0,0,1,0
08/05/2023,60,2023-05-08,0,5,2023,128,0,2,0,0,1,0,0,1,0
09/05/2023,39,2023-05-09,1,5,2023,129,0,0,0,1,0,1,0,0,0
10/05/2023,74,2023-05-10,2,5,2023,130,0,2,0,0,1,0,1,0,0
11/05/2023,89,2023-05-11,3,5,2023,131,0,2,0,0,1,1,0,0,0
12/05/2023,18,2023-05-12,4,5,2023,132,0,0,0,1,0,0,1,0,0
13/05/2023,19,2023-05-13,5,5,2023,133,0,0,0,1,0,0,0,1,0
14/05/2023,36,2023-05-14,6,5,2023,134,0,0,0,1,0,0,0,1,0
15/05/2023,74,2023-05-15,0,5,2023,135,0,1,1,0,0,0,0,0,1
16/05/2023,97,2023-05-16,1,5,2023,136,0,0,0,1,0,0,1,0,0
17/05/2023,55,2023-05-17,2,5,2023,137,0,2,0,0,1,1,0,0,0
18/05/2023,69,2023-05-18,3,5,2023,138,0,0,0,1,0,0,0,0,1
19/05/2023,47,2023-05-19,4,5,2023,139,0,2,0,0,1,0,0,0,1
20/05/2023,49,2023-05-20,5,5,2023,140,0,1,1,0,0,0,0,0,1
21/05/2023,99,2023-05-21,6,5,2023,141,0,2,0,0,1,1,0,0,0
22/05/2023,98,2023-05-22,0,5,2023,142,0,2,0,0,1,0,0,0,1
23/05/2023,33,2023-05-23,1,5,2023,143,0,0,0,1,0,1,0,0,0
24/05/2023,21,2023-05-24,2,5,2023,144,0,0,0,1,0,0,0,0,1
26/05/2023,22,2023-05-26,4,5,2023,146,0,0,0,1,0,0,0,1,0
27/05/2023,48,2023-05-27,5,5,2023,147,0,1,1,0,0,0,0,1,0
28/05/2023,37,2023-05-28,6,5,2023,148,0,1,1,0,0,0,0,1,0
29/05/2023,15,2023-05-29,0,5,2023,149,1,0,0,1,0,0,0,1,0
30/05/2023,35,2023-05-30,1,5,2023,150,0,1,1,0,0,0,0,1,0
01/06/2023,71,2023-06-01,3,6,2023,152,0,2,0,0,1,0,0,0,1
02/06/2023,32,2023-06-02,4,6,2023,153,0,2,0,0,1,0,0,0,1
03/06/2023,11,2023-06-03,5,6,2023,154,0,1,1,0,0,1,0,0,0
04/06/2023,10,2023-06-04,6,6,2023,155,0,0,0,1,0,1,0,0,0
05/06/2023,73,2023-06-05,0,6,2023,156,0,0,0,1,0,1,0,0,0
06/06/2023,78,2023-06-06,1,6,2023,157,0,1,1,0,0,1,0,0,0
07/06/2023,77,2023-06-07,2,6,2023,158,0,2,0,0,1,0,0,1,0
08/06/2023,57,2023-06-08,3,6,2023,159,0,1,1,0,0,0,0,1,0
09/06/2023,25,2023-06-09,4,6,2023,160,0,2,0,0,1,0,0,1,0
10/06/2023,2,2023-06-10,5,6,2023,161,0,0,0,1,0,0,1,0,0
11/06/2023,64,2023-06-11,6,6,2023,162,0,2,0,0,1,0,0,0,1
12/06/2023,35,2023-06-12,0,6,2023,163,0,1,1,0,0,1,0,0,0
13/06/2023,7,2023-06-13,1,6,2023,164,0,0,0,1,0,1,0,0,0
14/06/2023,85,2023-06-14,2,6,2023,165,0,1,1,0,0,0,0,1,0
15/06/2023,18,2023-06-15,3,6,2023,166,0,1,1,0,0,1,0,0,0
16/06/2023,67,2023-06-16,4,6,2023,167,0,2,0,0,1,1,0,0,0
17/06/2023,42,2023-06-17,5,6,2023,168,0,1,1,0,0,0,0,0,1
18/06/2023,39,2023-06-18,6,6,2023,169,0,2,0,0,1,0,0,1,0
19/06/2023,41,2023-06-19,0,6,2023,170,1,0,0,1,0,0,0,0,1
20/06/2023,75,2023-06-20,1,6,2023,171,0,2,0,0,1,0,1,0,0
21/06/2023,24,2023-06-21,2,6,2023,172,0,0,0,1,0,0,1,0,0
22/06/2023,60,2023-06-22,3,6,2023,173,0,2,0,0,1,0,1,0,0
23/06/2023,46,2023-06-23,4,6,2023,174,0,1,1,0,0,0,0,1,0
24/06/2023,19,2023-06-24,5,6,2023,175,0,2,0,0,1,1,0,0,0
25/06/2023,68,2023-06-25,6,6,2023,176,0,2,0,0,1,0,0,1,0
26/06/2023,90,2023-06-26,0,6,2023,177,0,0,0,1,0,0,0,1,0
27/06/2023,42,2023-06-27,1,6,2023,178,0,1,1,0,0,1,0,0,0
28/06/2023,32,2023-06-28,2,6,2023,179,0,2,0,0,1,0,0,0,1
29/06/2023,39,2023-06-29,3,6,2023,180,0,1,1,0,0,0,1,0,0
30/06/2023,36,2023-06-30,4,6,2023,181,0,2,0,0,1,0,0,0,1
01/07/2023,97,2023-07-01,5,7,2023,182,0,2,0,0,1,0,1,0,0
02/07/2023,36,2023-07-02,6,7,2023,183,0,1,1,0,0,0,0,1,0
03/07/2023,3,2023-07-03,0,7,2023,184,0,2,0,0,1,0,1,0,0
04/07/2023,73,2023-07-04,1,7,2023,185,1,1,1,0,0,0,0,1,0
05/07/2023,8,2023-07-05,2,7,2023,186,0,2,0,0,1,0,0,0,1
06/07/2023,97,2023-07-06,3,7,2023,187,0,0,0,1,0,0,0,1,0
07/07/2023,70,2023-07-07,4,7,2023,188,0,1,1,0,0,0,0,0,1
08/07/2023,41,2023-07-08,5,7,2023,189,0,2,0,0,1,1,0,0,0
09/07/2023,68,2023-07-09,6,7,2023,190,0,2,0,0,1,1,0,0,0
10/07/2023,13,2023-07-10,0,7,2023,191,0,0,0,1,0,1,0,0,0
11/07/2023,49,2023-07-11,1,7,2023,192,0,1,1,0,0,0,0,1,0
12/07/2023,60,2023-07-12,2,7,2023,193,0,2,0,0,1,1,0,0,0
13/07/2023,2,2023-07-13,3,7,2023,194,0,0,0,1,0,0,1,0,0
14/07/2023,60,2023-07-14,4,7,2023,195,0,2,0,0,1,0,0,0,1
15/07/2023,5,2023-07-15,5,7,2023,196,0,1,1,0,0,0,0,0,1
16/07/2023,44,2023-07-16,6,7,2023,197,0,2,0,0,1,0,1,0,0
17/07/2023,27,2023-07-17,0,7,2023,198,0,2,0,0,1,0,0,1,0
18/07/2023,32,2023-07-18,1,7,2023,199,0,2,0,0,1,0,0,1,0
19/07/2023,21,2023-07-19,2,7,2023,200,0,2,0,0,1,0,0,0,1
20/07/2023,8,2023-07-20,3,7,2023,201,0,0,0,1,0,1,0,0,0
21/07/2023,72,2023-07-21,4,7,2023,202,0,0,0,1,0,0,0,1,0
22/07/2023,50,2023-07-22,5,7,2023,203,0,1,1,0,0,0,0,1,0
23/07/2023,67,2023-07-23,6,7,2023,204,0,0,0,1,0,0,1,0,0
24/07/2023,44,2023-07-24,0,7,2023,205,0,0,0,1,0,0,1,0,0
25/07/2023,58,2023-07-25,1,7,2023,206,0,1,1,0,0,1,0,0,0
26/07/2023,3,2023-07-26,2,7,2023,207,0,0,0,1,0,0,0,1,0
27/07/2023,86,2023-07-27,3,7,2023,208,0,0,0,1,0,0,0,1,0
28/07/2023,70,2023-07-28,4,7,2023,209,0,1,1,0,0,0,1,0,0
29/07/2023,2,2023-07-29,5,7,2023,210,0,1,1,0,0,0,0,1,0
30/07/2023,87,2023-07-30,6,7,2023,211,0,1,1,0,0,0,0,0,1
31/07/2023,44,2023-07-31,0,7,2023,212,0,2,0,0,1,0,1,0,0
01/08/2023,2,2023-08-01,1,8,2023,213,0,2,0,0,1,1,0,0,0
02/08/2023,81,2023-08-02,2,8,2023,214,0,1,1,0,0,0,1,0,0
03/08/2023,35,2023-08-03,3,8,2023,215,0,1,1,0,0,0,0,1,0
04/08/2023,98,2023-08-04,4,8,2023,216,0,1,1,0,0,1,0,0,0
05/08/2023,87,2023-08-05,5,8,2023,217,0,2,0,0,1,0,1,0,0
06/08/2023,30,2023-08-06,6,8,2023,218,0,2,0,0,1,0,0,0,1
07/08/2023,8,2023-08-07,0,8,2023,219,0,0,0,1,0,0,0,0,1
08/08/2023,22,2023-08-08,1,8,2023,220,0,0,0,1,0,0,1,0,0
09/08/2023,44,2023-08-09,2,8,2023,221,0,1,1,0,0,0,0,0,1
10/08/2023,58,2023-08-10,3,8,2023,222,0,2,0,0,1,0,0,0,1
11/08/2023,36,2023-08-11,4,8,2023,223,0,2,0,0,1,0,0,0,1
12/08/2023,69,2023-08-12,5,8,2023,224,0,2,0,0,1,1,0,0,0
13/08/2023,77,2023-08-13,6,8,2023,225,0,1,1,0,0,0,0,0,1
14/08/2023,93,2023-08-14,0,8,2023,226,0,0,0,1,0,0,0,0,1
15/08/2023,31,2023-08-15,1,8,2023,227,0,1,1,0,0,0,0,0,1
16/08/2023,47,2023-08-16,2,8,2023,228,0,0,0,1,0,1,0,0,0
17/08/2023,55,2023-08-17,3,8,2023,229,0,0,0,1,0,0,1,0,0
18/08/2023,80,2023-08-18,4,8,2023,230,0,1,1,0,0,0,0,1,0
19/08/2023,62,2023-08-19,5,8,2023,231,0,0,0,1,0,0,0,0,1
20/08/2023,30,2023-08-20,6,8,2023,232,0,0,0,1,0,0,1,0,0
21/08/2023,55,2023-08-21,0,8,2023,233,0,2,0,0,1,0,0,0,1
22/08/2023,16,2023-08-22,1,8,2023,234,0,0,0,1,0,1,0,0,0
23/08/2023,12,2023-08-23,2,8,2023,235,0,1,1,0,0,0,1,0,0
24/08/2023,17,2023-08-24,3,8,2023,236,0,1,1,0,0,1,0,0,0
25/08/2023,16,2023-08-25,4,8,2023,237,0,0,0,1,0,0,0,0,1
26/08/2023,12,2023-08-26,5,8,2023,238,0,2,0,0,1,0,0,0,1
27/08/2023,8,2023-08-27,6,8,2023,239,0,2,0,0,1,1,0,0,0
28/08/2023,84,2023-08-28,0,8,2023,240,0,0,0,1,0,0,0,1,0
29/08/2023,3,2023-08-29,1,8,2023,241,0,0,0,1,0,1,0,0,0
30/08/2023,16,2023-08-30,2,8,2023,242,0,1,1,0,0,0,0,0,1
31/08/2023,30,2023-08-31,3,8,2023,243,0,0,0,1,0,1,0,0,0
01/09/2023,23,2023-09-01,4,9,2023,244,0,2,0,0,1,0,0,1,0
02/09/2023,92,2023-09-02,5,9,2023,245,0,0,0,1,0,1,0,0,0
03/09/2023,5,2023-09-03,6,9,2023,246,0,1,1,0,0,0,0,1,0
04/09/2023,84,2023-09-04,0,9,2023,247,1,1,1,0,0,0,0,1,0
05/09/2023,65,2023-09-05,1,9,2023,248,0,1,1,0,0,1,0,0,0
06/09/2023,30,2023-09-06,2,9,2023,249,0,1,1,0,0,1,0,0,0
07/09/2023,21,2023-09-07,3,9,2023,250,0,1,1,0,0,0,1,0,0
08/09/2023,84,2023-09-08,4,9,2023,251,0,0,0,1,0,0,0,0,1
09/09/2023,70,2023-09-09,5,9,2023,252,0,0,0,1,0,0,0,1,0
10/09/2023,22,2023-09-10,6,9,2023,253,0,0,0,1,0,0,1,0,0
11/09/2023,82,2023-09-11,0,9,2023,254,0,0,0,1,0,1,0,0,0
12/09/2023,72,2023-09-12,1,9,2023,255,0,1,1,0,0,0,0,0,1
13/09/2023,32,2023-09-13,2,9,2023,256,0,2,0,0,1,0,1,0,0
14/09/2023,33,2023-09-14,3,9,2023,257,0,0,0,1,0,0,0,1,0
15/09/2023,16,2023-09-15,4,9,2023,258,0,2,0,0,1,0,1,0,0
16/09/2023,76,2023-09-16,5,9,2023,259,0,0,0,1,0,0,0,1,0
17/09/2023,38,2023-09-17,6,9,2023,260,0,0,0,1,0,1,0,0,0
18/09/2023,98,2023-09-18,0,9,2023,261,0,2,0,0,1,0,0,0,1
19/09/2023,14,2023-09-19,1,9,2023,262,0,1,1,0,0,0,0,0,1
20/09/2023,36,2023-09-20,2,9,2023,263,0,0,0,1,0,0,0,0,1
21/09/2023,97,2023-09-21,3,9,2023,264,0,0,0,1,0,1,0,0,0
22/09/2023,23,2023-09-22,4,9,2023,265,0,0,0,1,0,0,0,1,0
23/09/2023,66,2023-09-23,5,9,2023,266,0,2,0,0,1,1,0,0,0
24/09/2023,85,2023-09-24,6,9,2023,267,0,1,1,0,0,0,0,0,1
25/09/2023,2,2023-09-25,0,9,2023,268,0,2,0,0,1,1,0,0,0
26/09/2023,91,2023-09-26,1,9,2023,269,0,2,0,0,1,1,0,0,0
27/09/2023,73,2023-09-27,2,9,2023,270,0,1,1,0,0,1,0,0,0
28/09/2023,65,2023-09-28,3,9,2023,271,0,2,0,0,1,0,0,1,0
29/09/2023,75,2023-09-29,4,9,2023,272,0,1,1,0,0,0,1,0,0
30/09/2023,67,2023-09-30,5,9,2023,273,0,0,0,1,0,0,1,0,0
01/10/2023,52,2023-10-01,6,10,2023,274,0,1,1,0,0,1,0,0,0
02/10/2023,62,2023-10-02,0,10,2023,275,0,0,0,1,0,0,1,0,0
03/10/2023,23,2023-10-03,1,10,2023,276,0,2,0,0,1,0,1,0,0
04/10/2023,26,2023-10-04,2,10,2023,277,0,2,0,0,1,1,0,0,0
05/10/2023,68,2023-10-05,3,10,2023,278,0,0,0,1,0,1,0,0,0
06/10/2023,82,2023-10-06,4,10,2023,279,0,2,0,0,1,0,0,0,1
07/10/2023,55,2023-10-07,5,10,2023,280,0,1,1,0,0,0,1,0,0
08/10/2023,6,2023-10-08,6,10,2023,281,0,0,0,1,0,0,0,1,0
09/10/2023,35,2023-10-09,0,10,2023,282,1,2,0,0,1,1,0,0,0
10/10/2023,22,2023-10-10,1,10,2023,283,0,0,0,1,0,0,0,0,1
11/10/2023,43,2023-10-11,2,10,2023,284,0,1,1,0,0,0,0,1,0
12/10/2023,15,2023-10-12,3,10,2023,285,0,1,1,0,0,0,1,0,0
13/10/2023,86,2023-10-13,4,10,2023,286,0,2,0,0,1,0,0,0,1
14/10/2023,60,2023-10-14,5,10,2023,287,0,1,1,0,0,1,0,0,0
15/10/2023,12,2023-10-15,6,10,2023,288,0,0,0,1,0,0,0,1,0
16/10/2023,49,2023-10-16,0,10,2023,289,0,1,1,0,0,1,0,0,0
17/10/2023,42,2023-10-17,1,10,2023,290,0,0,0,1,0,0,1,0,0
18/10/2023,38,2023-10-18,2,10,2023,291,0,0,0,1,0,0,0,1,0
19/10/2023,82,2023-10-19,3,10,2023,292,0,1,1,0,0,0,1,0,0
20/10/2023,45,2023-10-20,4,10,2023,293,0,2,0,0,1,0,1,0,0
21/10/2023,35,2023-10-21,5,10,2023,294,0,1,1,0,0,0,0,0,1
22/10/2023,30,2023-10-22,6,10,2023,295,0,0,0,1,0,1,0,0,0
23/10/2023,88,2023-10-23,0,10,2023,296,0,0,0,1,0,0,0,1,0
24/10/2023,30,2023-10-24,1,10,2023,297,0,1,1,0,0,0,1,0,0
25/10/2023,78,2023-10-25,2,10,2023,298,0,2,0,0,1,0,1,0,0
26/10/2023,6,2023-10-26,3,10,2023,299,0,2,0,0,1,0,0,1,0
27/10/2023,67,2023-10-27,4,10,2023,300,0,0,0,1,0,0,1,0,0
28/10/2023,80,2023-10-28,5,10,2023,301,0,0,0,1,0,0,0,0,1
29/10/2023,7,2023-10-29,6,10,2023,302,0,2,0,0,1,0,0,0,1
30/10/2023,52,2023-10-30,0,10,2023,303,0,1,1,0,0,0,0,0,1
31/10/2023,14,2023-10-31,1,10,2023,304,0,0,0,1,0,0,0,0,1
01/11/2023,73,2023-11-01,2,11,2023,305,0,0,0,1,0,0,1,0,0
02/11/2023,15,2023-11-02,3,11,2023,306,0,2,0,0,1,0,0,1,0
03/11/2023,21,2023-11-03,4,11,2023,307,0,1,1,0,0,0,0,1,0
04/11/2023,35,2023-11-04,5,11,2023,308,0,2,0,0,1,0,0,1,0
05/11/2023,66,2023-11-05,6,11,2023,309,0,1,1,0,0,0,0,1,0
06/11/2023,91,2023-11-06,0,11,2023,310,0,1,1,0,0,1,0,0,0
07/11/2023,2,2023-11-07,1,11,2023,311,0,1,1,0,0,0,0,1,0
08/11/2023,35,2023-11-08,2,11,2023,312,0,0,0,1,0,1,0,0,0
09/11/2023,82,2023-11-09,3,11,2023,313,0,2,0,0,1,1,0,0,0
10/11/2023,78,2023-11-10,4,11,2023,314,1,2,0,0,1,0,0,0,1
11/11/2023,20,2023-11-11,5,11,2023,315,1,1,1,0,0,1,0,0,0
12/11/2023,82,2023-11-12,6,11,2023,316,0,0,0,1,0,0,1,0,0
13/11/2023,10,2023-11-13,0,11,2023,317,0,0,0,1,0,1,0,0,0
14/11/2023,25,2023-11-14,1,11,2023,318,0,2,0,0,1,0,0,0,1
15/11/2023,66,2023-11-15,2,11,2023,319,0,0,0,1,0,1,0,0,0
16/11/2023,25,2023-11-16,3,11,2023,320,0,0,0,1,0,0,1,0,0
17/11/2023,54,2023-11-17,4,11,2023,321,0,1,1,0,0,0,1,0,0
18/11/2023,33,2023-11-18,5,11,2023,322,0,0,0,1,0,0,1,0,0
19/11/2023,36,2023-11-19,6,11,2023,323,0,1,1,0,0,0,0,0,1
20/11/2023,95,2023-11-20,0,11,2023,324,0,2,0,0,1,0,0,0,1
21/11/2023,14,2023-11-21,1,11,2023,325,0,0,0,1,0,0,0,1,0
23/11/2023,80,2023-11-23,3,11,2023,327,1,2,0,0,1,0,1,0,0
24/11/2023,54,2023-11-24,4,11,2023,328,0,0,0,1,0,0,1,0,0
25/11/2023,52,2023-11-25,5,11,2023,329,0,0,0,1,0,0,0,0,1
26/11/2023,3,2023-11-26,6,11,2023,330,0,2,0,0,1,1,0,0,0
27/11/2023,99,2023-11-27,0,11,2023,331,0,0,0,1,0,0,0,0,1
28/11/2023,41,2023-11-28,1,11,2023,332,0,1,1,0,0,0,0,0,1
29/11/2023,6,2023-11-29,2,11,2023,333,0,1,1,0,0,0,1,0,0
30/11/2023,25,2023-11-30,3,11,2023,334,0,0,0,1,0,0,0,1,0
01/12/2023,13,2023-12-01,4,12,2023,335,0,2,0,0,1,0,1,0,0
02/12/2023,98,2023-12-02,5,12,2023,336,0,0,0,1,0,0,0,1,0
03/12/2023,8,2023-12-03,6,12,2023,337,0,0,0,1,0,0,1,0,0
04/12/2023,21,2023-12-04,0,12,2023,338,0,2,0,0,1,0,0,0,1
05/12/2023,98,2023-12-05,1,12,2023,339,0,2,0,0,1,0,1,0,0
06/12/2023,68,2023-12-06,2,12,2023,340,0,1,1,0,0,0,1,0,0
07/12/2023,25,2023-12-07,3,12,2023,341,0,2,0,0,1,0,1,0,0
08/12/2023,79,2023-12-08,4,12,2023,342,0,1,1,0,0,0,0,0,1
09/12/2023,68,2023-12-09,5,12,2023,343,0,2,0,0,1,0,0,0,1
10/12/2023,45,2023-12-10,6,12,2023,344,0,0,0,1,0,0,0,0,1
11/12/2023,60,2023-12-11,0,12,2023,345,0,1,1,0,0,0,0,0,1
12/12/2023,12,2023-12-12,1,12,2023,346,0,1,1,0,0,0,0,1,0
13/12/2023,32,2023-12-13,2,12,2023,347,0,1,1,0,0,0,0,1,0
14/12/2023,96,2023-12-14,3,12,2023,348,0,0,0,1,0,1,0,0,0
15/12/2023,92,2023-12-15,4,12,2023,349,0,0,0,1,0,0,0,0,1
16/12/2023,13,2023-12-16,5,12,2023,350,0,0,0,1,0,0,0,1,0
17/12/2023,31,2023-12-17,6,12,2023,351,0,0,0,1,0,0,1,0,0
18/12/2023,78,2023-12-18,0,12,2023,352,0,0,0,1,0,0,0,0,1
19/12/2023,20,2023-12-19,1,12,2023,353,0,1,1,0,0,1,0,0,0
20/12/2023,18,2023-12-20,2,12,2023,354,0,0,0,1,0,1,0,0,0
21/12/2023,93,2023-12-21,3,12,2023,355,0,1,1,0,0,1,0,0,0
22/12/2023,60,2023-12-22,4,12,2023,356,0,0,0,1,0,0,1,0,0
23/12/2023,63,2023-12-23,5,12,2023,357,0,2,0,0,1,0,0,1,0
24/12/2023,6,2023-12-24,6,12,2023,358,0,1,1,0,0,0,1,0,0
25/12/2023,32,2023-12-25,0,12,2023,359,1,2,0,0,1,0,0,0,1
26/12/2023,93,2023-12-26,1,12,2023,360,0,1,1,0,0,1,0,0,0
27/12/2023,43,2023-12-27,2,12,2023,361,0,2,0,0,1,0,1,0,0
28/12/2023,2,2023-12-28,3,12,2023,362,0,0,0,1,0,0,1,0,0
29/12/2023,60,2023-12-29,4,12,2023,363,0,0,0,1,0,0,0,1,0
30/12/2023,23,2023-12-30,5,12,2023,364,0,0,0,1,0,0,0,1,0
31/12/2023,83,2023-12-31,6,12,2023,365,0,1,1,0,0,1,0,0,0
01/01/2024,31,2024-01-01,0,1,2024,1,1,2,0,0,1,0,1,0,0
02/01/2024,5,2024-01-02,1,1,2024,2,0,0,0,1,0,0,1,0,0
03/01/2024,83,2024-01-03,2,1,2024,3,0,2,0,0,1,0,0,1,0
04/01/2024,34,2024-01-04,3,1,2024,4,0,2,0,0,1,0,1,0,0
05/01/2024,10,2024-01-05,4,1,2024,5,0,0,0,1,0,0,1,0,0
06/01/2024,89,2024-01-06,5,1,2024,6,0,0,0,1,0,0,1,0,0
07/01/2024,2,2024-01-07,6,1,2024,7,0,2,0,0,1,0,0,1,0
08/01/2024,11,2024-01-08,0,1,2024,8,0,0,0,1,0,1,0,0,0
09/01/2024,50,2024-01-09,1,1,2024,9,0,0,0,1,0,0,0,0,1
10/01/2024,31,2024-01-10,2,1,2024,10,0,0,0,1,0,1,0,0,0
11/01/2024,56,2024-01-11,3,1,2024,11,0,1,1,0,0,0,0,0,1
12/01/2024,79,2024-01-12,4,1,2024,12,0,2,0,0,1,0,1,0,0
13/01/2024,73,2024-01-13,5,1,2024,13,0,2,0,0,1,1,0,0,0
14/01/2024,87,2024-01-14,6,1,2024,14,0,1,1,0,0,0,0,0,1
15/01/2024,83,2024-01-15,0,1,2024,15,1,2,0,0,1,0,0,1,0
16/01/2024,9,2024-01-16,1,1,2024,16,0,0,0,1,0,0,0,1,0
17/01/2024,99,2024-01-17,2,1,2024,17,0,2,0,0,1,1,0,0,0
18/01/2024,21,2024-01-18,3,1,2024,18,0,0,0,1,0,1,0,0,0
19/01/2024,73,2024-01-19,4,1,2024,19,0,1,1,0,0,0,1,0,0
20/01/2024,28,2024-01-20,5,1,2024,20,0,0,0,1,0,1,0,0,0
21/01/2024,62,2024-01-21,6,1,2024,21,0,2,0,0,1,0,1,0,0
22/01/2024,7,2024-01-22,0,1,2024,22,0,2,0,0,1,0,1,0,0
23/01/2024,80,2024-01-23,1,1,2024,23,0,2,0,0,1,0,0,1,0
24/01/2024,16,2024-01-24,2,1,2024,24,0,1,1,0,0,0,0,1,0
25/01/2024,97,2024-01-25,3,1,2024,25,0,1,1,0,0,0,0,0,1
26/01/2024,4,2024-01-26,4,1,2024,26,0,2,0,0,1,0,0,1,0
27/01/2024,4,2024-01-27,5,1,2024,27,0,0,0,1,0,0,0,1,0
28/01/2024,40,2024-01-28,6,1,2024,28,0,1,1,0,0,1,0,0,0
29/01/2024,17,2024-01-29,0,1,2024,29,0,2,0,0,1,0,0,1,0
30/01/2024,52,2024-01-30,1,1,2024,30,0,2,0,0,1,0,0,0,1
31/01/2024,93,2024-01-31,2,1,2024,31,0,1,1,0,0,1,0,0,0
01/02/2024,52,2024-02-01,3,2,2024,32,0,1,1,0,0,0,0,0,1
02/02/2024,36,2024-02-02,4,2,2024,33,0,1,1,0,0,0,0,1,0
03/02/2024,38,2024-02-03,5,2,2024,34,0,0,0,1,0,0,0,0,1
04/02/2024,50,2024-02-04,6,2,2024,35,0,0,0,1,0,1,0,0,0
05/02/2024,63,2024-02-05,0,2,2024,36,0,2,0,0,1,0,1,0,0
06/02/2024,63,2024-02-06,1,2,2024,37,0,1,1,0,0,0,0,0,1
07/02/2024,62,2024-02-07,2,2,2024,38,0,0,0,1,0,0,0,0,1
08/02/2024,99,2024-02-08,3,2,2024,39,0,1,1,0,0,1,0,0,0
09/02/2024,7,2024-02-09,4,2,2024,40,0,2,0,0,1,1,0,0,0
10/02/2024,27,2024-02-10,5,2,2024,41,0,0,0,1,0,0,0,0,1
11/02/2024,92,2024-02-11,6,2,2024,42,0,0,0,1,0,0,0,1,0
12/02/2024,86,2024-02-12,0,2,2024,43,0,0,0,1,0,0,0,0,1
13/02/2024,14,2024-02-13,1,2,2024,44,0,2,0,0,1,1,0,0,0
14/02/2024,71,2024-02-14,2,2,2024,45,0,1,1,0,0,0,1,0,0
15/02/2024,86,2024-02-15,3,2,2024,46,0,0,0,1,0,0,1,0,0
16/02/2024,5,2024-02-16,4,2,2024,47,0,2,0,0,1,0,0,1,0
17/02/2024,55,2024-02-17,5,2,2024,48,0,1,1,0,0,0,0,0,1
18/02/2024,2,2024-02-18,6,2,2024,49,0,2,0,0,1,0,1,0,0
19/02/2024,62,2024-02-19,0,2,2024,50,1,1,1,0,0,0,0,0,1
20/02/2024,91,2024-02-20,1,2,2024,51,0,2,0,0,1,1,0,0,0
21/02/2024,21,2024-02-21,2,2,2024,52,0,1,1,0,0,0,1,0,0
22/02/2024,79,2024-02-22,3,2,2024,53,0,0,0,1,0,0,0,1,0
23/02/2024,21,2024-02-23,4,2,2024,54,0,1,1,0,0,1,0,0,0
24/02/2024,10,2024-02-24,5,2,2024,55,0,2,0,0,1,0,0,1,0
25/02/2024,87,2024-02-25,6,2,2024,56,0,2,0,0,1,1,0,0,0
26/02/2024,58,2024-02-26,0,2,2024,57,0,1,1,0,0,0,1,0,0
27/02/2024,39,2024-02-27,1,2,2024,58,0,0,0,1,0,0,0,1,0
28/02/2024,5,2024-02-28,2,2,2024,59,0,0,0,1,0,0,0,1,0
29/02/2024,65,2024-02-29,3,2,2024,60,0,1,1,0,0,1,0,0,0
01/03/2024,13,2024-03-01,4,3,2024,61,0,1,1,0,0,0,0,1,0
03/03/2024,90,2024-03-03,6,3,2024,63,0,0,0,1,0,1,0,0,0
04/03/2024,85,2024-03-04,0,3,2024,64,0,1,1,0,0,1,0,0,0
05/03/2024,53,2024-03-05,1,3,2024,65,0,0,0,1,0,1,0,0,0
06/03/2024,82,2024-03-06,2,3,2024,66,0,1,1,0,0,0,1,0,0
07/03/2024,45,2024-03-07,3,3,2024,67,0,1,1,0,0,1,0,0,0
08/03/2024,32,2024-03-08,4,3,2024,68,0,0,0,1,0,0,0,0,1
09/03/2024,36,2024-03-09,5,3,2024,69,0,1,1,0,0,0,0,1,0
10/03/2024,81,2024-03-10,6,3,2024,70,0,1,1,0,0,0,0,0,1
11/03/2024,99,2024-03-11,0,3,2024,71,0,2,0,0,1,0,1,0,0
12/03/2024,60,2024-03-12,1,3,2024,72,0,1,1,0,0,0,0,0,1
13/03/2024,11,2024-03-13,2,3,2024,73,0,1,1,0,0,0,0,1,0
14/03/2024,63,2024-03-14,3,3,2024,74,0,1,1,0,0,0,0,0,1
15/03/2024,21,2024-03-15,4,3,2024,75,0,2,0,0,1,0,1,0,0
16/03/2024,52,2024-03-16,5,3,2024,76,0,0,0,1,0,1,0,0,0
17/03/2024,55,2024-03-17,6,3,2024,77,0,2,0,0,1,0,0,0,1
18/03/2024,26,2024-03-18,0,3,2024,78,0,2,0,0,1,0,1,0,0
19/03/2024,68,2024-03-19,1,3,2024,79,0,0,0,1,0,0,1,0,0
20/03/2024,34,2024-03-20,2,3,2024,80,0,2,0,0,1,0,0,1,0
21/03/2024,52,2024-03-21,3,3,2024,81,0,0,0,1,0,0,0,1,0
22/03/2024,82,2024-03-22,4,3,2024,82,0,2,0,0,1,0,0,0,1
23/03/2024,99,2024-03-23,5,3,2024,83,0,0,0,1,0,1,0,0,0
24/03/2024,93,2024-03-24,6,3,2024,84,0,1,1,0,0,0,1,0,0
25/03/2024,52,2024-03-25,0,3,2024,85,0,2,0,0,1,0,0,0,1
26/03/2024,29,2024-03-26,1,3,2024,86,0,2,0,0,1,0,1,0,0
27/03/2024,38,2024-03-27,2,3,2024,87,0,2,0,0,1,0,1,0,0
28/03/2024,42,2024-03-28,3,3,2024,88,0,2,0,0,1,1,0,0,0
29/03/2024,21,2024-03-29,4,3,2024,89,0,1,1,0,0,1,0,0,0
30/03/2024,42,2024-03-30,5,3,2024,90,0,2,0,0,1,0,0,0,1
31/03/2024,13,2024-03-31,6,3,2024,91,0,1,1,0,0,1,0,0,0
01/04/2024,64,2024-04-01,0,4,2024,92,0,1,1,0,0,1,0,0,0
02/04/2024,17,2024-04-02,1,4,2024,93,0,1,1,0,0,0,0,0,1
03/04/2024,9,2024-04-03,2,4,2024,94,0,1,1,0,0,1,0,0,0
04/04/2024,41,2024-04-04,3,4,2024,95,0,0,0,1,0,0,0,1,0
05/04/2024,1,2024-04-05,4,4,2024,96,0,0,0,1,0,0,1,0,0
06/04/2024,2,2024-04-06,5,4,2024,97,0,2,0,0,1,0,1,0,0
07/04/2024,60,2024-04-07,6,4,2024,98,0,0,0,1,0,0,1,0,0
08/04/2024,48,2024-04-08,0,4,2024,99,0,0,0,1,0,0,1,0,0
09/04/2024,29,2024-04-09,1,4,2024,100,0,2,0,0,1,0,0,0,1
10/04/2024,97,2024-04-10,2,4,2024,101,0,2,0,0,1,0,1,0,0
11/04/2024,10,2024-04-11,3,4,2024,102,0,2,0,0,1,0,1,0,0
12/04/2024,58,2024-04-12,4,4,2024,103,0,0,0,1,0,0,1,0,0
13/04/2024,60,2024-04-13,5,4,2024,104,0,0,0,1,0,0,1,0,0
14/04/2024,21,2024-04-14,6,4,2024,105,0,2,0,0,1,0,0,1,0
15/04/2024,28,2024-04-15,0,4,2024,106,0,1,1,0,0,0,1,0,0
16/04/2024,75,2024-04-16,1,4,2024,107,0,2,0,0,1,0,0,1,0
17/04/2024,34,2024-04-17,2,4,2024,108,0,1,1,0,0,0,0,0,1
18/04/2024,8,2024-04-18,3,4,2024,109,0,1,1,0,0,1,0,0,0
19/04/2024,59,2024-04-19,4,4,2024,110,0,2,0,0,1,0,1,0,0
20/04/2024,86,2024-04-20,5,4,2024,111,0,2,0,0,1,1,0,0,0
21/04/2024,72,2024-04-21,6,4,2024,112,0,2,0,0,1,1,0,0,0
22/04/2024,49,2024-04-22,0,4,2024,113,0,0,0,1,0,0,0,0,1
23/04/2024,79,2024-04-23,1,4,2024,114,0,1,1,0,0,1,0,0,0
24/04/2024,17,2024-04-24,2,4,2024,115,0,0,0,1,0,0,0,1,0
25/04/2024,60,2024-04-25,3,4,2024,116,0,0,0,1,0,1,0,0,0
26/04/2024,87,2024-04-26,4,4,2024,117,0,2,0,0,1,1,0,0,0
27/04/2024,88,2024-04-27,5,4,2024,118,0,0,0,1,0,1,0,0,0
28/04/2024,45,2024-04-28,6,4,2024,119,0,2,0,0,1,0,1,0,0
29/04/2024,83,2024-04-29,0,4,2024,120,0,1,1,0,0,0,1,0,0
30/04/2024,69,2024-04-30,1,4,2024,121,0,2,0,0,1,0,0,1,0
01/05/2024,32,2024-05-01,2,5,2024,122,0,0,0,1,0,0,0,1,0
02/05/2024,44,2024-05-02,3,5,2024,123,0,0,0,1,0,0,1,0,0
03/05/2024,65,2024-05-03,4,5,2024,124,0,2,0,0,1,0,0,1,0
04/05/2024,87,2024-05-04,5,5,2024,125,0,2,0,0,1,0,1,0,0
05/05/2024,8,2024-05-05,6,5,2024,126,0,0,0,1,0,0,0,0,1
06/05/2024,77,2024-05-06,0,5,2024,127,0,1,1,0,0,1,0,0,0
07/05/2024,72,2024-05-07,1,5,2024,128,0,1,1,0,0,1,0,0,0
08/05/2024,87,2024-05-08,2,5,2024,129,0,2,0,0,1,0,0,1,0
09/05/2024,43,2024-05-09,3,5,2024,130,0,1,1,0,0,0,1,0,0
10/05/2024,1,2024-05-10,4,5,2024,131,0,0,0,1,0,0,1,0,0
11/05/2024,51,2024-05-11,5,5,2024,132,0,2,0,0,1,0,0,1,0
12/05/2024,24,2024-05-12,6,5,2024,133,0,0,0,1,0,0,1,0,0
13/05/2024,99,2024-05-13,0,5,2024,134,0,0,0,1,0,0,0,0,1
14/05/2024,24,2024-05-14,1,5,2024,135,0,1,1,0,0,1,0,0,0
